암호화요양기호,요양기관명,종별코드,종별코드명,설립구분코드,설립구분코드명,시도코드,시도코드명,시군구코드,시군구코드명,읍면동,우편번호,주소,전화번호,병원링크,개설일자,일반입원실상급병상수,일반입원실일반병상수,성인중환자병상수,소아중환자병상수,신생아중환자병상수,분만실병상수,수술실병상수,응급실병상수,물리치료실병상수,정신과폐쇄상급병상수,정신과폐쇄일반병상수,격리병실병상수,무균치료실병상수,Latitude,Longitude
JDQ4MTYyMiM3MSMkMSMkMCMkODkkMzgxMzUxIzExIyQxIyQzIyQxMyQzNjEwMDIjNDEjJDEjJDgjJDgz,광주한국병원,11,종합병원,12,개인,240000,광주,240003,광주서구,,61967,"광주광역시 서구 월드컵4강로 223,  (쌍촌동)",062-380-3000,,19830418,2,260,0,0,0,0,4,16,28,0,0,1,0,35.1560803,126.8684485
JDQ4MTg4MSM1MSMkMSMkMCMkODkkMzgxMzUxIzExIyQxIyQzIyQ4OSQyNjE0ODEjODEjJDEjJDYjJDgz,서울적십자병원,11,종합병원,3,공립,110000,서울,110016,종로구,,3181,"서울특별시 종로구 새문안로 9, 적십자병원 (평동)",02-2002-8000,,19770401,5,269,12,0,0,2,6,11,10,0,0,6,0,37.5671402,126.9670566
JDQ4MTg4MSM1MSMkMSMkMCMkODkkMzgxMzUxIzExIyQxIyQzIyQ4OSQyNjE4MzIjNTEjJDEjJDYjJDgz,서울특별시 동부병원,11,종합병원,3,공립,110000,서울,110007,동대문구,,2584,"서울특별시 동대문구 무학로 124, (용두동)",02-920-9307,,19790701,3,183,9,0,0,1,3,10,6,0,0,6,0,37.5753425,127.031536
JDQ4MTg4MSM1MSMkMSMkMCMkODkkMzgxMzUxIzExIyQxIyQzIyQ5OSQzNjE0ODEjODEjJDEjJDYjJDgz,서울특별시보라매병원,11,종합병원,3,공립,110000,서울,110008,동작구,,7061,"서울특별시 동작구 보라매로5길 20, (신대방동)",02-870-2114,,19911116,43,634,39,0,14,2,14,43,10,0,14,11,0,37.4937715,126.9242962
JDQ4MTYyMiM1MSMkMSMkNCMkODkkMzgxMzUxIzExIyQxIyQzIyQ3OSQzNjEyMjIjNDEjJDEjJDQjJDgz,강원특별자치도삼척의료원,11,종합병원,3,공립,320000,강원,320700,삼척시,,25920,"강원특별자치도 삼척시 오십천로 418-0, 삼척의료원",033-572-1141,,19830701,12,126,6,0,0,3,2,20,14,0,0,4,0,37.4403025,129.1636663
JDQ4MTYyMiM1MSMkMSMkNCMkODkkMzgxMzUxIzExIyQxIyQzIyQ5OSQyNjE4MzIjNDEjJDEjJDQjJDgz,속초보광병원,11,종합병원,11,의료법인,320000,강원,320300,속초시,,24853,"강원특별자치도 속초시 중앙로 11-0, 속초보광병원",033-639-8500,,20100405,14,196,11,0,0,0,4,10,35,0,70,0,0,38.1979798,128.5783566
JDQ4MTAxMiM1MSMkMSMkMCMkODkkMzgxMzUxIzExIyQxIyQzIyQ3MiQyNjE4MzIjNjEjJDEjJDQjJDgz,영도병원,11,종합병원,12,개인,210000,부산,210007,부산영도구,,49036,"부산광역시 영도구 태종로 85, (대교동2가)",051-414-8101,,19960629,8,200,10,0,0,0,3,9,23,0,0,1,0,35.0916832,129.0410036
JDQ4MTYyMiM1MSMkMSMkMCMkODkkMzgxMzUxIzExIyQxIyQ3IyQ4OSQyNjE0ODEjNDEjJDEjJDgjJDgz,의료법인인봉의료재단뉴고려병원,11,종합병원,11,의료법인,310000,경기,312300,김포시,,10086,"경기도 김포시 김포한강3로 283, 뉴고려병원 (장기동)",031-998-8129,,20090413,7,260,25,0,0,0,6,20,20,0,0,13,0,37.6409053,126.6602394
JDQ4MTYyMiM1MSMkMSMkMCMkODkkMzgxMzUxIzExIyQxIyQ3IyQ2MiQ0NjE0ODEjODEjJDEjJDIjJDgz,인천적십자병원,11,종합병원,3,공립,220000,인천,220007,인천연수구,연수동,21935,"인천광역시 연수구 원인재로 263, (연수동)",032-899-4000,,19850510,0,112,8,0,0,0,3,10,5,0,0,2,0,37.4184536,126.6895849
JDQ4MTYyMiM1MSMkMSMkMCMkODkkMzgxMzUxIzExIyQxIyQ3IyQ3OSQyNjE0ODEjNTEjJDEjJDYjJDgz,현대병원,11,종합병원,12,개인,310000,경기,311500,남양주시,,12013,"경기도 남양주시 진접읍 봉현로 21, ()",031-574-9118,,20090901,2,349,39,0,0,0,7,20,17,0,0,18,0,37.7155057,127.1797196
JDQ4MTYyMiM1MSMkMSMkMCMkODkkMzgxMzUxIzExIyQxIyQ3IyQ3OSQzNjE4MzIjNDEjJDEjJDgjJDgz,온누리병원,11,종합병원,12,개인,220000,인천,220005,인천서구,왕길동,22616,"인천광역시 서구 완정로 199, (왕길동)",032-567-6200,,20111018,2,193,0,0,0,0,3,14,28,0,0,0,0,37.6028029,126.654361
JDQ4MTYyMiM1MSMkMSMkMCMkODkkMzgxMzUxIzExIyQyIyQ3IyQwMCQ0NjEwMDIjODEjJDEjJDYjJDgz,의료법인 명인의료재단 화홍병원,11,종합병원,11,의료법인,310000,경기,310601,수원권선구,,16630,"경기도 수원시 권선구 호매실로90번길 98, (호매실동)",031-278-0119,,20200421,4,180,18,0,0,0,6,20,23,0,0,0,0,37.2601464,126.9637259
JDQ4MTg4MSM1MSMkMSMkMCMkODkkMzgxMzUxIzExIyQxIyQzIyQxMyQzNjEwMDIjODEjJDEjJDIjJDgz,삼성서울병원,1,상급종합,7,사회복지법인,110000,서울,110001,강남구,,6351,"서울특별시 강남구 일원로 81, (일원동, 삼성의료원)",02-3410-2114,,19940613,135,1565,115,15,59,10,56,73,29,1,16,38,25,37.4881193,127.0849885
JDQ4MTg4MSM1MSMkMSMkMCMkODkkMzgxMzUxIzExIyQyIyQ3IyQwMCQ0NjEwMDIjNTEjJDEjJDYjJDgz,의료법인서울효천의료재단 에이치플러스양지병원,11,종합병원,11,의료법인,110000,서울,110004,관악구,,8779,"서울특별시 관악구 남부순환로 1636, 양지병원 (신림동)",02-1877-8875,,19800620,9,253,21,0,0,1,6,21,10,0,0,6,0,37.48413,126.9325195
JDQ4MTYyMiM1MSMkMSMkMCMkODkkMzgxMzUxIzExIyQxIyQ3IyQ2MiQ0NjEwMDIjNjEjJDEjJDgjJDgz,뉴대성병원,11,종합병원,9,재단법인,310000,경기,310300,부천시,,14577,"경기도 부천시 부천로 91, ,부흥로373번길18, 부흥로377(기존디에스병원A동) (심곡동)",032-610-1111,,19840308,13,239,20,0,0,1,8,10,8,0,0,0,0,37.4921883,126.7838653
JDQ4MTYyMiM2MSMkMSMkNiMkODkkMzgxMzUxIzExIyQxIyQzIyQ4OSQzNjEyMjIjODEjJDEjJDIjJDgz,익산병원,11,종합병원,11,의료법인,350000,전북,350300,익산시,,54543,"전라북도 익산시 무왕로 969, (신동)",063-840-9114,,20010307,32,245,11,0,0,0,5,20,26,0,0,0,0,35.9618237,126.9666872
JDQ4MTYyMiM2MSMkMSMkNiMkODkkMzgxMzUxIzExIyQxIyQzIyQ3OSQ0NjEwMDIjNjEjJDEjJDQjJDgz,전라북도 군산의료원,11,종합병원,3,공립,350000,전북,350100,군산시,,54105,"전라북도 군산시 의료원로 27, (지곡동, 군산의료원)",063-472-5000,,19831217,30,336,20,0,0,4,6,20,32,0,0,2,0,35.9547096,126.7124478
JDQ4MTYyMiM2MSMkMSMkNiMkODkkMzgxMzUxIzExIyQxIyQzIyQ4OSQ0NjE0ODEjNjEjJDEjJDAjJDgz,전주고려병원,11,종합병원,12,개인,350000,전북,350402,전주덕진구,,54915,"전라북도 전주시 덕진구 안덕원로 367, (산정동)",063-240-7300,,20050111,12,267,0,0,0,0,4,10,22,0,0,0,0,35.8433319,127.1733374
JDQ4MTYyMiM2MSMkMSMkNiMkODkkMzgxMzUxIzExIyQxIyQzIyQ5OSQyNjE0ODEjNjEjJDEjJDgjJDgz,의료법인석천재단고창병원,11,종합병원,11,의료법인,350000,전북,350001,고창군,,56436,"전라북도 고창군 고창읍 화신1길 9, ()",063-560-5600,,19880709,6,252,0,0,0,2,3,10,15,0,0,0,0,35.4363539,126.6932956
JDQ4MTYyMiM3MSMkMSMkMCMkODkkMzgxMzUxIzExIyQxIyQzIyQ4OSQyNjE4MzIjNzEjJDEjJDgjJDgz,광주보훈병원,11,종합병원,3,공립,240000,광주,240004,광주광산구,,62284,"광주광역시 광산구 첨단월봉로 99,  (산월동)",062-602-6114,,19870326,16,504,26,0,0,2,8,16,36,0,0,3,0,35.2077914,126.8494861
JDQ4MTYyMiM1MSMkMSMkMCMkODkkMzgxMzUxIzExIyQxIyQzIyQwMyQzNjEwMDIjNjEjJDEjJDgjJDgz,의료법인대인의료재단 다니엘종합병원,11,종합병원,11,의료법인,310000,경기,310300,부천시,,14513,"경기도 부천시 중동로 361, 다니엘종합병원 (약대동)",032-670-0001,,20040611,18,172,44,0,0,0,3,10,16,0,0,0,0,37.5122452,126.7694774
JDQ4MTYyMiM3MSMkMSMkMCMkODkkMzgxMzUxIzExIyQxIyQzIyQ3OSQyNjE4MzIjNDEjJDEjJDQjJDgz,광주기독병원,11,종합병원,9,재단법인,240000,광주,240005,광주남구,,61661,"광주광역시 남구 양림로 37,  (양림동)",062-650-5000,,19830329,41,473,23,0,8,4,8,24,20,0,0,29,0,35.1366889,126.9120838
JDQ4MTYyMiM3MSMkMSMkMCMkODkkMzgxMzUxIzExIyQxIyQzIyQ3OSQzNjEyMjIjNjEjJDEjJDAjJDgz,의료법인행촌의료재단 해남종합병원,11,종합병원,11,의료법인,360000,전남,360021,해남군,,59024,"전라남도 해남군 해남읍 해남로 45, ()",061-536-4116,,19830401,25,257,14,0,0,1,3,10,34,0,0,3,0,34.5716889,126.6126326
JDQ4MTYyMiM3MSMkMSMkMCMkODkkMzgxMzUxIzExIyQyIyQzIyQwMCQzNjE4MzIjNjEjJDEjJDAjJDgz,의료법인한국의료재단 순천한국병원,11,종합병원,11,의료법인,360000,전남,360400,순천시,,57991,"전라남도 순천시 우명길 42,  (연향동)",061-740-5000,,19980917,12,222,9,0,0,0,3,12,14,0,0,0,0,34.9477128,127.5122851
JDQ4MTYyMiM1MSMkMSMkMCMkODkkMzgxMzUxIzExIyQxIyQ3IyQ3OSQzNjEwMDIjNjEjJDEjJDAjJDgz,의료법인일심의료재단우리병원,11,종합병원,11,의료법인,310000,경기,312800,포천시,,11174,"경기도 포천시 소흘읍 호국로 661, 661",031-542-0222,,20000308,6,190,10,0,0,0,4,17,17,0,0,8,0,37.8274135,127.147912
JDQ4MTg4MSM1MSMkMSMkMCMkODkkMzgxMzUxIzExIyQxIyQzIyQ5OSQyNjEyMjIjNTEjJDEjJDIjJDgz,순천향대학교 부속 서울병원,11,종합병원,4,학교법인,110000,서울,110014,용산구,,4401,"서울특별시 용산구 대사관로 59, (한남동)",02-709-9114,,19780223,39,619,28,0,8,13,13,27,10,1,20,4,6,37.5337071,127.0043068
JDQ4MTg4MSM1MSMkMSMkMCMkODkkMzgxMzUxIzExIyQxIyQzIyQ4OSQyNjEwMDIjNzEjJDEjJDgjJDgz,학교법인 고려중앙학원 고려대학교의과대학부속병원(안암병원),1,상급종합,4,학교법인,110000,서울,110012,성북구,,2841,"서울특별시 성북구 고려대로 73, 고려대병원 (안암동5가)",1577-0083,,19740325,42,853,73,0,20,4,23,43,11,0,34,15,19,37.5870416,127.0265402
JDQ4MTYyMiM1MSMkMSMkMCMkODkkMzgxMzUxIzExIyQxIyQzIyQ5OSQzNjEwMDIjNTEjJDEjJDIjJDgz,고려대학교의과대학부속안산병원,1,상급종합,4,학교법인,310000,경기,311101,안산단원구,,15355,"경기도 안산시 단원구 적금로 123, (고잔동)",031-1577-7516,,19860101,14,698,50,0,25,8,17,34,9,1,15,8,8,37.319305,126.8252025
JDQ4MTYyMiM4MSMkMSMkMCMkODkkMzgxMzUxIzExIyQxIyQzIyQ4MiQyNjE0ODEjNTEjJDEjJDIjJDgz,의료법인 서명의료재단 세명병원,11,종합병원,11,의료법인,370000,경북,371000,경산시,,38619,"경상북도 경산시 경안로 208, (중방동)",053-819-8800,,20030925,12,204,0,0,0,0,5,16,24,0,71,0,0,35.8265616,128.7372945
JDQ4MTg4MSM1MSMkMSMkMCMkODkkMzgxMzUxIzExIyQxIyQ3IyQ2MiQyNjEwMDIjNjEjJDEjJDQjJDgz,혜민병원,11,종합병원,12,개인,110000,서울,110023,광진구,,5056,"서울특별시 광진구 자양로 85, (자양동)",02-2049-9000,,19851113,18,187,13,0,0,0,5,10,8,0,0,0,0,37.5351884,127.0834641
JDQ4MTAxMiM1MSMkMSMkMCMkODkkMzgxMzUxIzExIyQyIyQzIyQwMCQ0NjEwMDIjNDEjJDEjJDQjJDgz,동아대학교병원,1,상급종합,4,학교법인,210000,부산,210006,부산서구,동대신동3가,49201,"부산광역시 서구 대신공원로 26, (동대신동3가)",051-240-2400,,19900303,48,824,83,0,17,7,18,39,29,2,16,4,2,35.1201678,129.0178125
JDQ4MTYyMiM2MSMkMSMkMiMkODkkMzgxMzUxIzExIyQyIyQzIyQwMCQzNjEwMDIjNDEjJDEjJDgjJDgz,당진종합병원,11,종합병원,12,개인,340000,충남,340900,당진시,,31764,"충청남도 당진시 반촌로 5-15,  (시곡동)",041-357-0100,,20110722,21,225,13,0,0,0,4,20,17,0,0,0,0,36.9043414,126.6842676
JDQ4MTYyMiM4MSMkMSMkNCMkODkkMzgxMzUxIzExIyQxIyQzIyQ3MiQyNjEwMDIjNzEjJDEjJDgjJDgz,근로복지공단 창원병원,11,종합병원,5,특수법인,380000,경남,380705,창원성산구,,51524,"경상남도 창원시 성산구 창원대로 721, (중앙동)",055-280-7619,,19791126,5,244,5,0,0,0,4,6,58,0,0,1,0,35.2184881,128.6714125
JDQ4MTYyMiM1MSMkMSMkMCMkODkkMzgxMzUxIzExIyQxIyQzIyQ3MiQyNjEyMjIjNDEjJDEjJDQjJDgz,의료법인 박애의료재단 박애병원,11,종합병원,11,의료법인,310000,경기,311200,평택시,,17909,"경기도 평택시 평택2로20번길 3, (평택동)",031-652-2121,,19820702,12,181,10,0,0,0,5,11,22,0,0,0,0,36.9931207,127.0889877
JDQ4MTYyMiM1MSMkMSMkNCMkODkkMzgxMzUxIzExIyQxIyQzIyQ4OSQyNjEyMjIjNjEjJDEjJDAjJDgz,한림대학교부속 춘천성심병원,11,종합병원,4,학교법인,320000,강원,320500,춘천시,,24253,"강원특별자치도 춘천시 삭주로 77, 77",033-240-5000,,19841210,19,333,52,0,0,4,9,30,20,0,0,2,0,37.883744,127.7396063
JDQ4MTYyMiM1MSMkMSMkMCMkODkkMzgxMzUxIzExIyQxIyQzIyQ5MiQzNjE4MzIjNjEjJDEjJDQjJDgz,의료법인백송의료재단 굿모닝병원,11,종합병원,11,의료법인,310000,경기,311200,평택시,,17874,"경기도 평택시 중앙로 338, (합정동)",031-5182-7700,,20020401,54,338,30,0,0,1,6,28,16,0,0,0,0,36.9906242,127.1205242
JDQ4MTYyMiM1MSMkMSMkNCMkODkkMzgxMzUxIzExIyQxIyQzIyQ4OSQ0NjE0ODEjNTEjJDEjJDYjJDgz,의산의료재단 강릉고려병원,11,종합병원,11,의료법인,320000,강원,320100,강릉시,옥천동,25552,"강원특별자치도 강릉시 옥가로 30, (옥천동)",033-649-0100,,19910813,11,169,0,0,0,0,2,8,25,0,0,0,0,37.7589843,128.8997884
JDQ4MTYyMiM1MSMkMSMkOCMkODkkMzgxMzUxIzExIyQxIyQzIyQ5OSQyNjE4MzIjNTEjJDEjJDYjJDgz,의료법인 건명의료재단 중앙제일병원,11,종합병원,11,의료법인,330000,충북,330009,진천군,진천읍,27832,"충청북도 진천군 진천읍 중앙북로 36, 중앙제일병원",043-533-1711,,19990702,3,189,18,0,0,0,5,18,1,0,0,31,0,36.8585281,127.4405397
JDQ4MTg4MSM1MSMkMSMkMCMkODkkMzgxMzUxIzExIyQxIyQ3IyQ5OSQzNjE4MzIjNDEjJDEjJDQjJDgz,강동경희대학교의대병원,11,종합병원,4,학교법인,110000,서울,110002,강동구,,5278,"서울특별시 강동구 동남로 892, (상일동)",02-440-7114,,20060227,40,552,46,0,17,5,15,23,10,0,0,6,0,37.5511028,127.1696401
JDQ4MTYyMiM1MSMkMSMkMCMkODkkMzgxMzUxIzExIyQxIyQzIyQ5MiQzNjEyMjIjNzEjJDEjJDgjJDgz,순천향대학교부속부천병원,1,상급종합,4,학교법인,310000,경기,310300,부천시,,14584,"경기도 부천시 조마루로 170, (중동)",032-621-5114,,20010129,49,737,59,0,24,6,19,30,7,0,0,19,9,37.4983912,126.7627375
JDQ4MTg4MSM1MSMkMSMkMCMkODkkMzgxMzUxIzExIyQxIyQzIyQ2MiQzNjE0ODEjNTEjJDEjJDYjJDgz,연세대학교의과대학 강남세브란스병원,1,상급종합,4,학교법인,110000,서울,110001,강남구,,6273,"서울특별시 강남구 언주로 211, 강남세브란스병원 (도곡동)",02-2019-3114,,19830404,82,660,49,0,28,5,23,28,27,0,0,7,0,37.4925494,127.0465277
JDQ4MTg4MSM1MSMkMSMkMCMkODkkMzgxMzUxIzExIyQxIyQzIyQxMyQyNjEyMjIjNTEjJDEjJDYjJDgz,홍익병원,11,종합병원,12,개인,110000,서울,110020,양천구,신정동,7937,"서울특별시 양천구 목동로 225, 홍익병원본관 (신정동)",02-2693-5555,,19930820,9,242,8,0,0,1,4,10,26,0,0,1,0,37.5284913,126.8636621
JDQ4MTg4MSM1MSMkMSMkMCMkODkkMzgxMzUxIzExIyQxIyQzIyQ5MiQyNjEyMjIjODEjJDEjJDYjJDgz,성심의료재단강동성심병원,11,종합병원,11,의료법인,110000,서울,110002,강동구,,5355,"서울특별시 강동구 성안로 150, (길동)",02-2224-2114,,19861017,30,491,46,0,3,3,13,22,18,0,0,29,0,37.5361234,127.1352442
JDQ4MTg4MSM1MSMkMSMkMCMkODkkMzgxMzUxIzExIyQxIyQzIyQ4OSQzNjEwMDIjNDEjJDEjJDQjJDgz,가톨릭대학교 은평성모병원,11,종합병원,4,학교법인,110000,서울,110015,은평구,,3312,"서울특별시 은평구 통일로 1021, (진관동)",02-1811-7755,,19610515,35,644,54,0,17,5,19,36,10,0,0,17,14,37.6335822,126.9161092
JDQ4MTg4MSM1MSMkMSMkMCMkODkkMzgxMzUxIzExIyQxIyQzIyQ5MiQyNjEwMDIjNDEjJDEjJDgjJDgz,의료법인 청구성심병원,11,종합병원,11,의료법인,110000,서울,110015,은평구,,3330,"서울특별시 은평구 통일로 873, (갈현동)",02-350-3300,,19800128,2,176,6,0,0,0,3,12,18,0,0,16,0,37.621541,126.913578
JDQ4MTYyMiM1MSMkMSMkNCMkODkkMzgxMzUxIzExIyQxIyQzIyQ4OSQzNjE4MzIjNjEjJDEjJDQjJDgz,홍천아산병원,11,종합병원,9,재단법인,320000,강원,320013,홍천군,홍천읍,25131,"강원특별자치도 홍천군 홍천읍 산림공원1길 17, 17",033-430-5151,,19891106,4,122,7,0,0,0,2,10,10,0,0,2,0,37.6908415,127.8947876
JDQ4MTYyMiM2MSMkMSMkMiMkODkkMzgxMzUxIzExIyQyIyQzIyQwMCQyNjEyMjIjNjEjJDEjJDgjJDgz,근로복지공단 대전병원,11,종합병원,3,공립,250000,대전,250002,대전대덕구,,34384,"대전광역시 대덕구 계족로 637,  (법동)",042-670-5419,,19910422,4,232,0,0,0,0,3,2,35,2,29,1,0,36.3685761,127.4285005
JDQ4MTYyMiM4MSMkMSMkMCMkODkkMzgxMzUxIzExIyQxIyQzIyQ2MiQyNjEwMDIjNjEjJDEjJDgjJDgz,의료법인덕산의료재단김천제일병원,11,종합병원,11,의료법인,370000,경북,370300,김천시,,39544,"경상북도 김천시 신음1길 12,  (신음동)",054-420-9300,,19980529,34,244,18,0,0,3,4,20,23,0,0,0,0,36.1354806,128.1190037
JDQ4MTYyMiM2MSMkMSMkNiMkODkkMzgxMzUxIzExIyQxIyQzIyQ5OSQyNjEwMDIjNjEjJDEjJDAjJDgz,의료법인영경의료재단전주병원,11,종합병원,11,의료법인,350000,전북,350401,전주완산구,,54985,"전라북도 전주시 완산구 한두평3길 13, (중화산동2가, 전주병원)",063-220-7200,,20070110,24,251,9,0,0,0,3,20,26,0,0,0,0,35.8150738,127.1248037
JDQ4MTYyMiM4MSMkMSMkMCMkODkkMzgxMzUxIzExIyQxIyQzIyQ3MiQ0NjEwMDIjODEjJDEjJDYjJDgz,강남병원,11,종합병원,12,개인,230000,대구,230002,대구동구,,41145,"대구광역시 동구 동촌로 207, 강남병원 (방촌동)",053-980-9000,,20030627,13,183,12,0,0,0,7,16,36,0,0,1,0,35.8831433,128.6632969
JDQ4MTYyMiM1MSMkMSMkMCMkODkkMzgxMzUxIzExIyQxIyQzIyQwMyQyNjEwMDIjNTEjJDEjJDYjJDgz,분당서울대학교병원,1,상급종합,3,공립,310000,경기,310403,성남분당구,,13620,"경기도 성남시 분당구 구미로173번길 82, (구미동, 분당서울대학교병원)",031-787-2114,,20030415,57,1076,85,0,40,4,39,42,13,1,14,18,18,37.3520673,127.1231772
JDQ4MTYyMiM3MSMkMSMkMCMkODkkMzgxMzUxIzExIyQxIyQzIyQ5MiQzNjE0ODEjODEjJDEjJDYjJDgz,근로복지공단 순천병원,11,종합병원,3,공립,360000,전남,360400,순천시,,57947,"전라남도 순천시 조례1길 24, (조례동)",061-720-7575,,19850507,5,265,4,0,0,0,3,6,17,0,0,1,0,34.9609709,127.5251707
JDQ4MTYyMiM3MSMkMSMkMCMkODkkMzgxMzUxIzExIyQxIyQzIyQ4MiQzNjEyMjIjODEjJDEjJDIjJDgz,목포기독병원,11,종합병원,12,개인,360000,전남,360300,목포시,,58666,"전라남도 목포시 백년대로 303, (상동)",061-280-7500,,19970331,16,324,17,0,0,0,4,18,35,0,0,0,0,34.8044367,126.4206077
JDQ4MTYyMiM3MSMkMSMkMCMkODkkMzgxMzUxIzExIyQxIyQzIyQxMyQzNjE0ODEjNTEjJDEjJDYjJDgz,빛고을전남대학교병원,11,종합병원,3,공립,240000,광주,240005,광주남구,,61748,"광주광역시 남구 덕남길 80-0,  1동 (덕남동,전남대학교병원류마티스전문질환센터)",062-670-9421,,20131217,6,174,10,0,0,0,3,4,12,0,0,0,0,35.0951194,126.8968363
JDQ4MTYyMiM3MSMkMSMkMCMkODkkMzgxMzUxIzExIyQxIyQzIyQ5MiQyNjEyMjIjNTEjJDEjJDIjJDgz,의료법인청언의료재단 순천제일병원,11,종합병원,11,의료법인,360000,전남,360400,순천시,,57968,"전라남도 순천시 기적의도서관1길 3,  (조례동)",061-720-3500,,20080404,2,198,0,0,0,0,2,10,15,0,0,0,0,34.9549948,127.5241677
JDQ4MTYyMiM3MSMkMSMkMCMkODkkMzgxMzUxIzExIyQxIyQzIyQ5MiQ0NjE0ODEjNDEjJDEjJDgjJDgz,광양사랑병원,11,종합병원,12,개인,360000,전남,360700,광양시,,57788,"전라남도 광양시 공영로 71,  (중동)",061-797-7000,,20010430,7,142,10,0,0,0,2,10,31,0,0,0,0,34.9361629,127.6969919
JDQ4MTYyMiM3MSMkMSMkMCMkODkkMzgxMzUxIzExIyQxIyQzIyQxMyQyNjE4MzIjNjEjJDEjJDQjJDgz,빛가람종합병원,11,종합병원,12,개인,360000,전남,360200,나주시,,58323,"전라남도 나주시 정보화길 49-0, (빛가람동)",061-820-0820,,20200403,4,188,0,0,0,0,3,8,26,0,0,0,0,35.0245166,126.7991747
JDQ4MTYyMiM3MSMkMSMkMCMkODkkMzgxMzUxIzExIyQxIyQzIyQxMyQ0NjE0ODEjNjEjJDEjJDgjJDgz,운암한국병원,11,종합병원,12,개인,240000,광주,240002,광주북구,,61266,"광주광역시 북구 북문대로 191,  (운암동)",062-608-8000,,20070822,7,210,0,0,0,0,4,10,43,0,0,0,0,35.1850968,126.8697433
JDQ4MTYyMiM3MSMkMSMkMCMkODkkMzgxMzUxIzExIyQxIyQ3IyQ3OSQyNjE0ODEjNDEjJDEjJDgjJDgz,광주병원,11,종합병원,12,개인,240000,광주,240002,광주북구,,61171,"광주광역시 북구 면앙로139번길 51,  (두암동)",062-260-7100,,20010202,10,268,13,0,0,0,4,11,18,0,0,0,0,35.178873,126.9281686
JDQ4MTg4MSM1MSMkMSMkMCMkODkkMzgxMzUxIzExIyQxIyQ3IyQ2MiQyNjE0ODEjNzEjJDEjJDgjJDgz,강남베드로병원,11,종합병원,12,개인,110000,서울,110001,강남구,,6271,"서울특별시 강남구 남부순환로 2649, 베드로병원 (도곡동)",1544-7522,,20031219,11,158,0,0,0,0,7,2,8,0,0,15,0,37.4856105,127.0395828
JDQ4MTYyMiM2MSMkMSMkMiMkODkkMzgxMzUxIzExIyQxIyQzIyQ3OSQyNjEyMjIjNjEjJDEjJDAjJDgz,재단법인 아산사회복지재단 부속 보령아산병원,11,종합병원,9,재단법인,340000,충남,340400,보령시,,33428,"충청남도 보령시 죽성로 136,  (죽정동)",041-930-5114,,19781230,14,211,8,0,0,0,2,10,8,0,0,0,0,36.3805692,126.6231779
JDQ4MTYyMiM2MSMkMSMkMiMkODkkMzgxMzUxIzExIyQxIyQzIyQ4OSQzNjEyMjIjNjEjJDEjJDAjJDgz,충청남도 서산의료원,11,종합병원,3,공립,340000,충남,340600,서산시,,32001,"충청남도 서산시 중앙로 149,  (석림동)",041-689-7000,,19890321,5,249,10,0,0,0,4,20,15,0,0,5,0,36.7720607,126.4692974
JDQ4MTYyMiM2MSMkMSMkMiMkODkkMzgxMzUxIzExIyQyIyQzIyQwMCQ0NjE0ODEjNjEjJDEjJDQjJDgz,대청병원,11,종합병원,12,개인,250000,대전,250003,대전서구,,35403,"대전광역시 서구 계백로 1322, (정림동)",042-1899-6075,,20150226,4,241,15,0,0,0,3,10,1,0,0,0,0,36.3084712,127.3702281
JDQ4MTYyMiM2MSMkMSMkMiMkODkkMzgxMzUxIzExIyQxIyQzIyQ2MiQyNjE0ODEjNzEjJDEjJDgjJDgz,의료법인 예당의료재단 예산종합병원,11,종합병원,11,의료법인,340000,충남,340012,예산군,,32432,"충청남도 예산군 예산읍 금오대로 94, ()",041-330-4000,,20070619,8,159,9,0,0,0,2,12,25,0,0,0,0,36.6911028,126.8377864
JDQ4MTg4MSM1MSMkMSMkMCMkODkkMzgxMzUxIzExIyQxIyQzIyQ2MiQyNjE4MzIjNjEjJDEjJDQjJDgz,건국대학교병원,1,상급종합,4,학교법인,110000,서울,110023,광진구,,5030,"서울특별시 광진구 능동로 120-1, (화양동)",1588-1533,,19821116,32,711,62,0,16,2,18,27,14,0,14,5,7,37.5449346,127.0713277
JDQ4MTg4MSM1MSMkMSMkMCMkODkkMzgxMzUxIzExIyQxIyQzIyQ3OSQyNjEyMjIjODEjJDEjJDIjJDgz,가톨릭대학교 여의도성모병원,11,종합병원,4,학교법인,110000,서울,110013,영등포구,,7345,"서울특별시 영등포구 63로 10, 여의도성모병원 (여의도동)",1661-7575,,19860820,50,431,30,0,10,8,13,20,9,0,0,2,8,37.5182841,126.9367077
JDQ4MTYyMiM1MSMkMSMkMCMkODkkMzgxMzUxIzExIyQxIyQ3IyQ4OSQzNjEwMDIjNDEjJDEjJDgjJDgz,경기도의료원 이천병원,11,종합병원,3,공립,310000,경기,312100,이천시,,17366,"경기도 이천시 경충대로 2742, (관고동)",031-630-4200,,19831001,19,171,10,0,0,0,4,20,10,0,0,6,0,37.2826974,127.4329366
JDQ4MTg4MSM1MSMkMSMkMCMkODkkMzgxMzUxIzExIyQxIyQ3IyQ4OSQ0NjEwMDIjODEjJDEjJDYjJDgz,의료법인한전의료재단 한일병원,11,종합병원,11,의료법인,110000,서울,110006,도봉구,쌍문동,1450,"서울특별시 도봉구 우이천로 308, 한일병원 (쌍문동)",02-901-3114,,19740328,15,314,24,0,3,1,8,27,9,0,0,8,0,37.6458568,127.0285789
JDQ4MTYyMiM1MSMkMSMkMCMkODkkMzgxMzUxIzExIyQxIyQzIyQ5MiQzNjE0ODEjNDEjJDEjJDgjJDgz,국립암센터,11,종합병원,3,공립,310000,경기,311903,고양일산동구,,10408,"경기도 고양시 일산동구 일산로 323, (마두동)",031-920-0114,,20000908,87,423,28,0,0,1,15,25,12,0,0,0,14,37.6591262,126.78344
JDQ4MTYyMiM1MSMkMSMkMCMkODkkMzgxMzUxIzExIyQyIyQ3IyQwMCQyNjEyMjIjNDEjJDEjJDgjJDgz,안성성모병원,11,종합병원,11,의료법인,310000,경기,312400,안성시,,17592,"경기도 안성시 시장길 58, (서인동)",031-675-6007,,19940316,11,177,20,0,0,0,3,10,13,0,0,0,0,37.0062424,127.2710561
JDQ4MTYyMiM1MSMkMSMkMCMkODkkMzgxMzUxIzExIyQyIyQ3IyQwMCQyNjE4MzIjNDEjJDEjJDQjJDgz,비에스종합병원,11,종합병원,11,의료법인,220000,인천,220100,인천강화군,,23037,"인천광역시 강화군 강화읍 충렬사로 31-0,",032-290-0001,,20181106,4,242,19,0,1,0,2,13,22,0,0,0,0,37.7368541,126.4852528
JDQ4MTYyMiM1MSMkMSMkMCMkODkkMzgxMzUxIzExIyQxIyQ3IyQ2MiQzNjE0ODEjNjEjJDEjJDQjJDgz,중앙대학교광명병원,11,종합병원,4,학교법인,310000,경기,310100,광명시,,14353,"경기도 광명시 덕안로 110, (일직동)",1811-7800,,20220224,28,539,30,0,10,2,13,23,6,0,0,2,0,37.4245107,126.8858922
JDQ4MTg4MSM1MSMkMSMkMCMkODkkMzgxMzUxIzExIyQxIyQzIyQxMyQyNjE0ODEjNzEjJDEjJDgjJDgz,서울성심병원,11,종합병원,12,개인,110000,서울,110007,동대문구,,2488,"서울특별시 동대문구 왕산로 259, 서울성심병원 (청량리동)",02-966-1616,,19911230,2,232,9,0,0,1,6,6,15,0,0,3,0,37.5841439,127.0498232
JDQ4MTYyMiM1MSMkMSMkMCMkODkkMzgxMzUxIzExIyQxIyQzIyQxMyQyNjEwMDIjNDEjJDEjJDgjJDgz,의료법인 석경의료재단 센트럴병원,11,종합병원,11,의료법인,310000,경기,311700,시흥시,,15079,"경기도 시흥시 공단1대로 237, (정왕동, 센트럴 병원)",031-8041-3000,,20080219,20,245,10,0,0,0,3,21,30,0,0,0,0,37.3367245,126.7281671
JDQ4MTg4MSM1MSMkMSMkMCMkODkkMzgxMzUxIzExIyQxIyQzIyQ3OSQ0NjEwMDIjNjEjJDEjJDQjJDgz,강북삼성병원,1,상급종합,11,의료법인,110000,서울,110016,종로구,,3181,"서울특별시 종로구 새문안로 29, (평동)",02-2001-2001,,19790324,31,592,53,0,14,4,14,20,10,0,18,12,0,37.569203,126.9674914
JDQ4MTg4MSM1MSMkMSMkMCMkODkkMzgxMzUxIzExIyQyIyQzIyQwMCQyNjE4MzIjODEjJDEjJDIjJDgz,학교법인가톨릭학원가톨릭대학교서울성모병원,1,상급종합,4,학교법인,110000,서울,110021,서초구,,6591,"서울특별시 서초구 반포대로 222, (반포동)",02-1588-1511,,19800502,162,959,84,5,50,2,33,40,17,3,32,28,47,37.5000792,127.005247
JDQ4MTg4MSM1MSMkMSMkMCMkODkkMzgxMzUxIzExIyQxIyQ3IyQ3OSQyNjEwMDIjNjEjJDEjJDgjJDgz,노원을지대학교병원,11,종합병원,11,의료법인,110000,서울,110022,노원구,,1830,"서울특별시 노원구 한글비석로 68, 을지병원 (하계동)",02-970-8000,,19950114,26,452,34,0,8,9,11,22,16,0,21,1,0,37.6363293,127.0697068
JDQ4MTYyMiM3MSMkMSMkMCMkODkkMzgxMzUxIzExIyQxIyQzIyQ5OSQzNjE0ODEjNTEjJDEjJDIjJDgz,의료법인대송의료재단 무안병원,11,종합병원,11,의료법인,360000,전남,360009,무안군,,58532,"전라남도 무안군 무안읍 몽탄로 65, ()",061-450-3111,,19940801,20,123,13,0,0,0,3,13,20,0,105,0,0,34.9920405,126.4894587
JDQ4MTYyMiM1MSMkMSMkMCMkODkkMzgxMzUxIzExIyQxIyQzIyQwMyQyNjE4MzIjNDEjJDEjJDQjJDgz,한림병원,11,종합병원,11,의료법인,220000,인천,220008,인천계양구,,21079,"인천광역시 계양구 장제로 722, (작전동)",032-540-9114,,20030801,22,368,22,0,0,1,6,21,40,0,0,2,0,37.5239791,126.7332189
JDQ4MTYyMiM1MSMkMSMkMCMkODkkMzgxMzUxIzExIyQxIyQzIyQwMyQ0NjE0ODEjNDEjJDEjJDgjJDgz,동국대학교일산불교병원,11,종합병원,4,학교법인,310000,경기,311903,고양일산동구,,10326,"경기도 고양시 일산동구 동국로 27, (식사동, 동국대학교일산병원)",031-1577-7000,,20050531,41,517,40,0,13,8,12,29,12,0,23,2,0,37.6763892,126.806398
JDQ4MTYyMiM1MSMkMSMkMCMkODkkMzgxMzUxIzExIyQxIyQzIyQ4MiQzNjE4MzIjODEjJDEjJDIjJDgz,국민건강보험공단일산병원,11,종합병원,3,공립,310000,경기,311903,고양일산동구,,10444,"경기도 고양시 일산동구 일산로 100, (백석동,백석1동 1241외1필지 4층)",1577-0013,,20000118,38,686,50,0,20,2,20,33,17,2,26,7,0,37.645585,126.7928124
JDQ4MTYyMiM1MSMkMSMkMCMkODkkMzgxMzUxIzExIyQxIyQzIyQ4MiQ0NjEwMDIjNjEjJDEjJDAjJDgz,(의)성세의료재단 뉴성민병원,11,종합병원,11,의료법인,220000,인천,220005,인천서구,석남동,22789,"인천광역시 서구 신석로 70, (석남동)",032-726-1000,,19930708,12,287,0,0,0,0,6,10,30,0,0,0,0,37.5097568,126.6698456
JDQ4MTAxMiM1MSMkMSMkMCMkODkkMzgxMzUxIzExIyQxIyQzIyQ3OSQyNjEwMDIjNTEjJDEjJDIjJDgz,재단법인천주교부산교구유지재단 메리놀병원,11,종합병원,9,재단법인,210000,부산,210008,부산중구,,48972,"부산광역시 중구 중구로 121, (대청동4가)",051-465-8801,,19740430,31,314,18,0,0,1,7,10,18,0,0,4,0,35.1061482,129.0298682
JDQ4MTg4MSM1MSMkMSMkMCMkODkkMzgxMzUxIzExIyQxIyQzIyQxMyQyNjEwMDIjNjEjJDEjJDQjJDgz,이화여자대학교의과대학부속목동병원,1,상급종합,4,학교법인,110000,서울,110020,양천구,,7985,"서울특별시 양천구 안양천로 1071, (목동)",02-2650-5114,,19930730,34,578,60,0,11,7,14,33,15,0,10,7,3,37.5364909,126.8862688
JDQ4MTYyMiM1MSMkMSMkMCMkODkkMzgxMzUxIzExIyQxIyQzIyQxMyQ0NjEwMDIjNjEjJDEjJDgjJDgz,남양주 한양병원,11,종합병원,11,의료법인,310000,경기,311500,남양주시,,12048,"경기도 남양주시 오남읍 양지로 47-55, 47",031-510-0114,,20090303,34,245,20,0,0,1,3,20,16,0,0,0,0,37.6829088,127.2048016
JDQ4MTg4MSM1MSMkMSMkMCMkODkkMzgxMzUxIzExIyQxIyQzIyQ5OSQyNjE0ODEjNjEjJDEjJDgjJDgz,연세대학교의과대학세브란스병원,1,상급종합,4,학교법인,110000,서울,110010,서대문구,,3722,"서울특별시 서대문구 연세로 50-1, (신촌동)",02-2228-0114,,19740325,242,1877,152,25,52,8,72,57,22,4,25,38,20,37.5646993,126.9394972
JDQ4MTYyMiM1MSMkMSMkOCMkODkkMzgxMzUxIzExIyQxIyQzIyQ5OSQyNjEwMDIjNzEjJDEjJDgjJDgz,의료법인 정산의료재단 효성병원,11,종합병원,11,의료법인,330000,충북,330101,청주상당구,,28736,"충청북도 청주시 상당구 쇠내로 16-0, 효성병원",043-221-5000,,19951027,15,312,31,0,0,1,4,23,40,0,0,3,0,36.6244467,127.4955285
JDQ4MTYyMiM1MSMkMSMkOCMkODkkMzgxMzUxIzExIyQxIyQzIyQ5OSQyNjEyMjIjNjEjJDEjJDQjJDgz,의료법인명지의료재단명지병원,11,종합병원,11,의료법인,330000,충북,330300,제천시,,27140,"충청북도 제천시 내토로 991-0, 의료법인명지의료재단명지병원",043-640-8114,,20110315,7,188,9,0,0,0,3,27,10,0,0,0,0,37.1633515,128.2339864
JDQ4MTYyMiM1MSMkMSMkOCMkODkkMzgxMzUxIzExIyQxIyQzIyQ5OSQzNjEwMDIjNDEjJDEjJDQjJDgz,재단법인베스티안재단베스티안병원,11,종합병원,9,재단법인,330000,충북,330102,청주흥덕구,,28161,"충청북도 청주시 흥덕구 오송읍 오송생명1로 191-0, ()",043-910-7575,,20181114,26,184,10,0,0,0,2,30,10,0,0,0,0,36.6362406,127.3216581
JDQ4MTYyMiM4MSMkMSMkMCMkODkkMzgxMzUxIzExIyQxIyQzIyQ3MiQ0NjE0ODEjNDEjJDEjJDgjJDgz,대구굿모닝병원,11,종합병원,12,개인,230000,대구,230001,대구남구,,42406,"대구광역시 남구 성당로 224, (대명동)",053-620-9100,,20030308,4,185,12,0,0,0,2,10,13,0,0,0,0,35.8529997,128.5741767
JDQ4MTYyMiM1MSMkMSMkOCMkODkkMzgxMzUxIzExIyQxIyQzIyQ4OSQyNjE4MzIjNjEjJDEjJDgjJDgz,건국대학교 충주병원,11,종합병원,4,학교법인,330000,충북,330200,충주시,,27376,"충청북도 충주시 국원대로 82-0, 건국대학교충주병원",043-840-8200,,19890725,15,270,16,0,0,2,6,23,12,0,0,1,0,36.9936662,127.9296934
JDQ4MTYyMiM1MSMkMSMkOCMkODkkMzgxMzUxIzExIyQxIyQzIyQ5OSQzNjE0ODEjNDEjJDEjJDgjJDgz,의료법인 힐링의료재단 옥천성모병원,11,종합병원,11,의료법인,330000,충북,330005,옥천군,,29031,"충청북도 옥천군 옥천읍 성왕로 1195-0,",043-730-7000,,20151101,6,151,7,0,0,0,2,10,17,0,0,0,0,36.3134171,127.5720705
JDQ4MTYyMiM2MSMkMSMkNiMkODkkMzgxMzUxIzExIyQyIyQzIyQwMCQyNjE0ODEjNTEjJDEjJDYjJDgz,의료법인 인산의료재단 전주열린병원,11,종합병원,11,의료법인,350000,전북,350401,전주완산구,,54994,"전라북도 전주시 완산구 기린대로 227-0,  1동 (서노송동,전주열린병원)",063-281-8889,,20220120,2,115,0,0,0,0,2,0,5,0,0,0,0,35.8265839,127.1453393
JDQ4MTYyMiM1MSMkMSMkNCMkODkkMzgxMzUxIzExIyQxIyQzIyQ4OSQzNjE0ODEjNDEjJDEjJDgjJDgz,강원특별자치도속초의료원,11,종합병원,3,공립,320000,강원,320300,속초시,영랑동,24821,"강원특별자치도 속초시 영랑호반길 3, (영랑동)",033-630-6000,,19830701,2,163,10,0,0,1,3,20,13,0,0,2,0,38.2164977,128.5888636
JDQ4MTAxMiM1MSMkMSMkMCMkODkkMzgxMzUxIzExIyQxIyQzIyQ5OSQyNjEyMjIjNjEjJDEjJDQjJDgz,삼육부산병원,11,종합병원,9,재단법인,210000,부산,210006,부산서구,,49230,"부산광역시 서구 대티로 170, (서대신동2가)",242-9751,,19740307,6,268,10,0,0,1,3,10,26,0,0,15,0,35.1119234,129.0108596
JDQ4MTAxMiM1MSMkMSMkMCMkODkkMzgxMzUxIzExIyQxIyQzIyQ3OSQ0NjE0ODEjNDEjJDEjJDQjJDgz,대동병원,11,종합병원,4,학교법인,210000,부산,210003,부산동래구,,47737,"부산광역시 동래구 충렬대로 187, (명륜동)",051-554-1233,,19800221,14,387,22,0,0,1,6,21,28,0,0,9,0,35.2042331,129.0802217
JDQ4MTAxMiM1MSMkMSMkMCMkODkkMzgxMzUxIzExIyQxIyQzIyQ5OSQzNjEyMjIjODEjJDEjJDIjJDgz,학교법인 춘해병원,11,종합병원,4,학교법인,210000,부산,210004,부산진구,범천동,47352,"부산광역시 부산진구 중앙대로 605, (범천동)",051-638-8000,,19740226,12,189,0,0,0,0,4,10,26,0,0,0,0,35.1480849,129.0517815
JDQ4MTYyMiM2MSMkMSMkMiMkODkkMzgxMzUxIzExIyQyIyQzIyQwMCQzNjE0ODEjNTEjJDEjJDIjJDgz,아산충무병원,11,종합병원,11,의료법인,340000,충남,340500,아산시,,31528,"충청남도 아산시 문화로 381,  (모종동)",041-536-6666,,20150303,36,408,24,0,0,1,4,21,31,0,0,20,0,36.7832862,127.0223573
JDQ4MTYyMiM1MSMkMSMkMCMkODkkMzgxMzUxIzExIyQyIyQzIyQwMCQyNjEwMDIjNzEjJDEjJDgjJDgz,경기도의료원포천병원,11,종합병원,3,공립,310000,경기,312800,포천시,,11142,"경기도 포천시 포천로 1648, (신읍동)",031-539-9114,,19870424,4,125,10,0,0,3,4,22,10,0,0,3,0,37.9031442,127.197413
JDQ4MTYyMiM1MSMkMSMkMCMkODkkMzgxMzUxIzExIyQxIyQzIyQ5OSQ0NjEwMDIjNjEjJDEjJDQjJDgz,가톨릭대학교의정부성모병원,11,종합병원,4,학교법인,310000,경기,310800,의정부시,,11765,"경기도 의정부시 천보로 271, 의정부성모병원 (금오동)",1661-7500,,19711230,19,572,76,0,14,1,15,59,10,0,0,2,0,37.7585957,127.0777141
JDQ4MTYyMiM1MSMkMSMkMCMkODkkMzgxMzUxIzExIyQxIyQzIyQ5OSQ0NjE0ODEjNzEjJDEjJDgjJDgz,경기도의료원의정부병원,11,종합병원,3,공립,310000,경기,310800,의정부시,,11671,"경기도 의정부시 흥선로 142, (의정부동)",031-828-5000,,19860416,0,114,6,0,0,0,3,11,9,0,70,5,0,37.7411208,127.0424879
JDQ4MTYyMiM1MSMkMSMkMCMkODkkMzgxMzUxIzExIyQxIyQzIyQ3MiQzNjEwMDIjNjEjJDEjJDAjJDgz,인하대학교의과대학부속병원,1,상급종합,4,학교법인,220000,인천,220004,인천중구,신흥동3가,22332,"인천광역시 중구 인항로 27, (신흥동3가)",032-890-2114,,19960322,35,740,78,0,19,9,16,34,27,0,15,7,2,37.4586179,126.6339279
JDQ4MTYyMiM1MSMkMSMkMCMkODkkMzgxMzUxIzExIyQxIyQ3IyQ5OSQyNjEwMDIjNjEjJDEjJDgjJDgz,의료법인 성수의료재단 인천백병원,11,종합병원,11,의료법인,220000,인천,220002,인천동구,,0,"인천광역시 동구 샛골로 214- , (송림동)",032-765-7070,,20121231,2,188,12,0,0,0,4,6,39,0,0,0,0,37.4818485,126.6456233
JDQ4MTYyMiM1MSMkMSMkMCMkODkkMzgxMzUxIzExIyQxIyQ3IyQ5OSQyNjE0ODEjODEjJDEjJDIjJDgz,근로복지공단인천병원,11,종합병원,3,공립,220000,인천,220003,인천부평구,,21417,"인천광역시 부평구 무네미로 446, (구산동)",032-500-0114,,20141230,2,259,17,0,0,0,3,6,20,0,0,56,0,37.4762248,126.7538908
JDQ4MTYyMiM1MSMkMSMkMCMkODkkMzgxMzUxIzExIyQxIyQzIyQxMyQ0NjE0ODEjODEjJDEjJDIjJDgz,경기도의료원 수원병원,11,종합병원,3,공립,310000,경기,310602,수원장안구,,16316,"경기도 수원시 장안구 수성로245번길 69, (정자동)",031-888-0114,,19651221,16,107,9,0,0,1,3,13,10,0,0,35,0,37.2919882,126.9964018
JDQ4MTYyMiM1MSMkMSMkMCMkODkkMzgxMzUxIzExIyQxIyQ3IyQ4OSQ0NjEwMDIjNjEjJDEjJDAjJDgz,의료법인 영동의료재단 의정부백병원,11,종합병원,11,의료법인,310000,경기,310800,의정부시,,11778,"경기도 의정부시 금신로 322, (신곡동)",031-856-8111,,19960716,4,188,9,0,0,0,3,10,10,0,0,0,0,37.7453361,127.0619745
JDQ4MTYyMiM3MSMkMSMkMCMkODkkMzgxMzUxIzExIyQxIyQzIyQ5OSQzNjEwMDIjNDEjJDEjJDgjJDgz,순천중앙병원,11,종합병원,12,개인,360000,전남,360400,순천시,,57956,"전라남도 순천시 장명로 5,  (장천동)",061-749-5000,,19941201,4,196,0,0,0,0,2,10,20,0,0,0,0,34.9512455,127.4843686
JDQ4MTYyMiM3MSMkMSMkMCMkODkkMzgxMzUxIzExIyQxIyQzIyQwMyQzNjEwMDIjNjEjJDEjJDAjJDgz,의료법인목포구암의료재단 목포중앙병원,11,종합병원,11,의료법인,360000,전남,360300,목포시,,58615,"전라남도 목포시 영산로 623,  (석현동)",061-280-3000,,19990309,22,252,18,0,0,0,4,20,30,0,49,1,0,34.8213865,126.4223997
JDQ4MTYyMiM3MSMkMSMkMCMkODkkMzgxMzUxIzExIyQxIyQ3IyQ3OSQzNjEyMjIjNDEjJDEjJDgjJDgz,광주센트럴병원,11,종합병원,12,개인,240000,광주,240004,광주광산구,,62305,"광주광역시 광산구 수완로 6-0,  A,B,C동 (신가동)",062-950-9700,,20151014,30,268,0,0,0,0,2,11,40,0,0,1,0,35.1857062,126.8294481
JDQ4MTYyMiM3MSMkMSMkMCMkODkkMzgxMzUxIzExIyQxIyQzIyQwMyQzNjEyMjIjNTEjJDEjJDIjJDgz,나주종합병원,11,종합병원,12,개인,360000,전남,360200,나주시,,58251,"전라남도 나주시 영산로 5419, 나주종합병원",061-330-6114,,19870624,25,151,0,0,0,0,2,10,14,0,0,0,0,35.0366967,126.7215888
JDQ4MTg4MSM1MSMkMSMkMCMkODkkMzgxMzUxIzExIyQyIyQzIyQwMCQyNjE0ODEjNTEjJDEjJDYjJDgz,한림대학교 강남성심병원,11,종합병원,4,학교법인,110000,서울,110013,영등포구,,7441,"서울특별시 영등포구 신길로 1, (대림동, 강남성심병원)",02-829-5114,,19800111,23,475,62,0,15,7,14,27,21,0,0,3,0,37.4928431,126.9086305
JDQ4MTYyMiM1MSMkMSMkMCMkODkkMzgxMzUxIzExIyQxIyQ3IyQ3OSQ0NjE0ODEjODEjJDEjJDYjJDgz,의료법인우리의료재단김포우리병원,11,종합병원,11,의료법인,310000,경기,312300,김포시,,10099,"경기도 김포시 감암로 11, 김포우리병원 (걸포동)",031-999-1000,,20020513,31,476,27,0,0,1,7,21,29,0,0,2,0,37.6323493,126.7107705
JDQ4MTAxMiM1MSMkMSMkMCMkODkkMzgxMzUxIzExIyQyIyQzIyQwMCQyNjE0ODEjNjEjJDEjJDgjJDgz,재단법인한호기독교선교회 일신기독병원,11,종합병원,9,재단법인,210000,부산,210002,부산동구,,48724,"부산광역시 동구 정공단로 27, (좌천동)",051-630-0300,,19840702,18,120,0,0,12,6,4,5,22,0,0,0,0,35.1354816,129.0541035
JDQ4MTYyMiM1MSMkMSMkOCMkODkkMzgxMzUxIzExIyQxIyQzIyQ3OSQyNjEwMDIjNTEjJDEjJDIjJDgz,충청북도 청주의료원,11,종합병원,3,공립,330000,충북,330104,청주서원구,,28547,"충청북도 청주시 서원구 흥덕로 48-0, 청주의료원",043-279-2300,,19780519,29,339,29,0,0,1,4,16,20,0,180,6,0,36.6401784,127.4731492
JDQ4MTYyMiM1MSMkMSMkMCMkODkkMzgxMzUxIzExIyQxIyQ3IyQ2MiQzNjE4MzIjNDEjJDEjJDQjJDgz,의료법인칠석의료재단사랑의병원,11,종합병원,11,의료법인,310000,경기,311102,안산상록구,,15291,"경기도 안산시 상록구 예술광장로 69, 사랑의병원(593-4번지/593-5번지) (성포동)",031-439-3000,,19991011,5,201,15,0,0,0,5,20,12,0,0,1,0,37.3269785,126.8447735
JDQ4MTg4MSM1MSMkMSMkMCMkODkkMzgxMzUxIzExIyQyIyQzIyQwMCQ0NjEwMDIjNzEjJDEjJDgjJDgz,성애의료재단 성애병원,11,종합병원,11,의료법인,110000,서울,110013,영등포구,,7354,"서울특별시 영등포구 여의대방로53길 22, (신길동, 성애병원)",02-840-7114,,19820930,22,186,11,0,4,5,5,20,12,0,0,0,0,37.5119571,126.9223932
JDQ4MTAxMiM1MSMkMSMkMCMkODkkMzgxMzUxIzExIyQxIyQzIyQ2MiQzNjEwMDIjNjEjJDEjJDAjJDgz,의료법인 광혜의료재단 광혜병원,11,종합병원,11,의료법인,210000,부산,210003,부산동래구,,47821,"부산광역시 동래구 충렬대로 96, (온천동, 광혜병원)",051-503-2111,,19831207,5,160,9,0,0,0,3,10,17,0,0,1,0,35.2069135,129.0711346
JDQ4MTAxMiM1MSMkMSMkMCMkODkkMzgxMzUxIzExIyQxIyQzIyQ3MiQyNjE0ODEjNDEjJDEjJDgjJDgz,의료법인은성의료재단좋은삼선병원,11,종합병원,11,의료법인,210000,부산,210015,부산사상구,주례동,47007,"부산광역시 사상구 가야대로 326, (주례동)",051-322-0900,,19950330,31,324,21,0,0,5,7,20,25,0,0,2,0,35.1503426,129.0082037
JDQ4MTYyMiM3MSMkMSMkMCMkODkkMzgxMzUxIzExIyQxIyQ3IyQ3OSQzNjE0ODEjNjEjJDEjJDAjJDgz,해피뷰병원,11,종합병원,12,개인,240000,광주,240002,광주북구,,61239,"광주광역시 북구 경열로 216-0, 해피뷰병원",062-519-9000,,20020527,4,167,0,0,0,0,3,16,14,0,69,0,0,35.1585624,126.906611
JDQ4MTYyMiM3MSMkMSMkMCMkODkkMzgxMzUxIzExIyQyIyQzIyQwMCQyNjE4MzIjNDEjJDEjJDgjJDgz,성가롤로병원,11,종합병원,9,재단법인,360000,전남,360400,순천시,,57931,"전라남도 순천시 순광로 221,  (조례동)",061-720-2000,,19980307,69,404,48,0,0,2,8,28,10,0,0,2,0,34.96471,127.5431309
JDQ4MTg4MSM1MSMkMSMkMCMkODkkMzgxMzUxIzExIyQxIyQzIyQwMyQzNjE0ODEjNTEjJDEjJDIjJDgz,차의과학대학교 강남차병원,11,종합병원,11,의료법인,110000,서울,110001,강남구,,6135,"서울특별시 강남구 논현로 566, 강남차병원(역삼동650-9, 606-4, 605외2필지(지하7층~지하1층, 지상2층~7층)) (역삼동)",02-3468-3000,,19901022,63,142,0,0,23,1,12,6,1,0,0,1,0,37.506905,127.0344844
JDQ4MTg4MSM1MSMkMSMkMCMkODkkMzgxMzUxIzExIyQxIyQ3IyQ4OSQzNjEwMDIjNjEjJDEjJDgjJDgz,의료법인성화의료재단  대한병원,11,종합병원,11,의료법인,110000,서울,110024,강북구,,1081,"서울특별시 강북구 도봉로 301, (수유동, 대한병원)",02-903-3232,,19820329,4,181,15,0,0,0,3,7,14,0,0,1,0,37.6352594,127.0228979
JDQ4MTg4MSM1MSMkMSMkMCMkODkkMzgxMzUxIzExIyQxIyQzIyQ4OSQzNjEyMjIjODEjJDEjJDIjJDgz,경희대학교병원,1,상급종합,4,학교법인,110000,서울,110007,동대문구,,2447,"서울특별시 동대문구 경희대로 23, (회기동)",02-958-8114,,19711005,33,725,62,0,16,4,16,27,23,2,19,15,2,37.5967122,127.0513948
JDQ4MTYyMiM1MSMkMSMkMCMkODkkMzgxMzUxIzExIyQxIyQ3IyQ4OSQ0NjE0ODEjNjEjJDEjJDgjJDgz,가톨릭관동대학교 국제성모병원,11,종합병원,4,학교법인,220000,인천,220005,인천서구,,22711,"인천광역시 서구 심곡로100번길 25-0, 인천국제성모병원",032-1600-8291,,20140117,28,516,51,0,0,2,8,33,9,1,10,3,0,37.5423472,126.6836259
JDQ4MTYyMiM1MSMkMSMkNCMkODkkMzgxMzUxIzExIyQxIyQzIyQ3OSQyNjE4MzIjNjEjJDEjJDQjJDgz,연세대학교 원주세브란스기독병원,1,상급종합,4,학교법인,320000,강원,320400,원주시,,26426,"강원특별자치도 원주시 일산로 20-0,  (일산동)",033-741-0114,,19770501,37,643,89,0,25,2,17,30,17,0,24,40,4,37.3481049,127.9452476
JDQ4MTg4MSM1MSMkMSMkMCMkODkkMzgxMzUxIzExIyQxIyQzIyQ3OSQzNjEwMDIjNTEjJDEjJDIjJDgz,중앙대학교병원,1,상급종합,4,학교법인,110000,서울,110008,동작구,,6973,"서울특별시 동작구 흑석로 102, (흑석동)",1800-1114,,20041201,25,620,53,0,17,5,14,25,10,0,26,44,2,37.5070482,126.9608627
JDQ4MTYyMiM1MSMkMSMkNCMkODkkMzgxMzUxIzExIyQxIyQzIyQ5OSQyNjEwMDIjNTEjJDEjJDYjJDgz,강원대학교병원,11,종합병원,3,공립,320000,강원,320500,춘천시,효자동,24289,"강원특별자치도 춘천시 백령로 156, (효자동)",033-258-2000,,19820708,38,484,33,8,15,4,11,30,15,0,16,26,0,37.8749245,127.7445472
JDQ4MTg4MSM1MSMkMSMkMCMkODkkMzgxMzUxIzExIyQxIyQzIyQ4OSQ0NjE0ODEjNjEjJDEjJDAjJDgz,한양대학교병원,1,상급종합,4,학교법인,110000,서울,110011,성동구,,4763,"서울특별시 성동구 왕십리로 222-1, (사근동)",02-2290-8114,,19720424,25,692,57,0,20,3,16,34,14,0,16,25,10,37.5623475,127.0468637
JDQ4MTYyMiM1MSMkMSMkMCMkODkkMzgxMzUxIzExIyQxIyQzIyQ4MiQzNjEwMDIjNDEjJDEjJDgjJDgz,인제대학교일산백병원,11,종합병원,4,학교법인,310000,경기,311902,고양일산서구,,10380,"경기도 고양시 일산서구 주화로 170, (대화동)",031-910-7114,,19991206,24,513,59,0,13,3,14,40,28,0,16,2,0,37.6742058,126.7505688
JDQ4MTg4MSM1MSMkMSMkMCMkODkkMzgxMzUxIzExIyQxIyQ3IyQ3OSQzNjEwMDIjODEjJDEjJDYjJDgz,세란병원,11,종합병원,12,개인,110000,서울,110016,종로구,,3030,"서울특별시 종로구 통일로 256, (무악동)",02-737-0181,,19870424,11,200,0,0,0,0,8,10,11,0,0,0,0,37.575178,126.9574751
JDQ4MTYyMiM3MSMkMSMkMCMkODkkMzgxMzUxIzExIyQxIyQzIyQwMyQyNjE4MzIjODEjJDEjJDIjJDgz,해남우리종합병원,11,종합병원,12,개인,360000,전남,360021,해남군,,59021,"전라남도 해남군 옥천면 해남로 597, ()",061-530-7000,,20070525,15,379,25,0,0,0,2,15,36,0,60,0,0,34.5841115,126.6464966
JDQ4MTYyMiM1MSMkMSMkMCMkODkkMzgxMzUxIzExIyQxIyQ3IyQ2MiQzNjEyMjIjNDEjJDEjJDgjJDgz,명주병원,11,종합병원,12,개인,310000,경기,312003,용인처인구,,17050,"경기도 용인시 처인구 금령로39번길 8-6, (김량장동)",1522-8119,,20220603,1,196,16,0,0,0,6,20,16,0,0,16,0,37.2356731,127.2007782
JDQ4MTYyMiM1MSMkMSMkMCMkODkkMzgxMzUxIzExIyQxIyQ3IyQ5OSQzNjE0ODEjNDEjJDEjJDgjJDgz,참조은병원,11,종합병원,12,개인,310000,경기,312600,광주시,,12756,"경기도 광주시 광주대로 45, (경안동)",1600-9955,,20101118,6,228,20,0,0,0,7,20,27,0,0,2,0,37.4109712,127.2602023
JDQ4MTg4MSM1MSMkMSMkMCMkODkkMzgxMzUxIzExIyQxIyQ3IyQ5OSQ0NjEwMDIjNjEjJDEjJDgjJDgz,한국원자력의학원원자력병원,11,종합병원,3,공립,110000,서울,110022,노원구,,1812,"서울특별시 노원구 노원로 75, 한국원자력의학원 (공릉동)",02-970-2114,,19851129,15,441,24,0,0,1,10,12,3,0,0,1,2,37.6294332,127.0826468
JDQ4MTYyMiM4MSMkMSMkMCMkODkkMzgxMzUxIzExIyQxIyQzIyQ3OSQzNjEyMjIjODEjJDEjJDIjJDgz,포항성모병원,11,종합병원,9,재단법인,370000,경북,370701,포항남구,,37661,"경상북도 포항시 남구 대잠동길 17,  (대잠동)",054-272-0151,,19770531,45,428,37,0,0,4,9,36,18,0,0,8,0,36.0165197,129.3397267
JDQ4MTYyMiM4MSMkMSMkMCMkODkkMzgxMzUxIzExIyQxIyQzIyQ3OSQzNjE0ODEjNDEjJDEjJDgjJDgz,경상북도포항의료원,11,종합병원,3,공립,370000,경북,370702,포항북구,,37688,"경상북도 포항시 북구 용흥로 36,  (용흥동)",054-247-0551,,19780727,3,212,10,0,0,1,3,10,10,0,54,10,0,36.0350887,129.3546948
JDQ4MTYyMiM4MSMkMSMkMCMkODkkMzgxMzUxIzExIyQxIyQzIyQ3OSQ0NjEwMDIjNTEjJDEjJDIjJDgz,대구가톨릭대학교병원,1,상급종합,4,학교법인,230000,대구,230001,대구남구,,42472,"대구광역시 남구 두류공원로17길 33, (대명동)",053-650-3000,,19800812,65,692,55,0,37,3,18,28,15,2,18,3,2,35.8442021,128.5679873
JDQ4MTYyMiM3MSMkMSMkMCMkODkkMzgxMzUxIzExIyQyIyQzIyQwMCQzNjE0ODEjNDEjJDEjJDQjJDgz,하남성심병원,11,종합병원,12,개인,240000,광주,240004,광주광산구,,62338,"광주광역시 광산구 용아로 259,  (산정동)",062-953-6000,,19930308,30,231,10,0,0,0,4,20,20,0,0,0,0,35.1666305,126.8010298
JDQ4MTYyMiM4MSMkMSMkMCMkODkkMzgxMzUxIzExIyQxIyQzIyQ5OSQyNjEyMjIjNDEjJDEjJDQjJDgz,한국보훈복지의료공단 대구보훈병원,11,종합병원,5,특수법인,230000,대구,230007,대구달서구,,42835,"대구광역시 달서구 월곡로 60, (도원동)",053-630-7000,,19930210,13,420,23,0,0,1,6,14,15,0,0,3,0,35.8028681,128.5521272
JDQ4MTYyMiM4MSMkMSMkMCMkODkkMzgxMzUxIzExIyQyIyQzIyQwMCQyNjEyMjIjNzEjJDEjJDgjJDgz,의료법인구의료재단 구병원,11,종합병원,11,의료법인,230000,대구,230007,대구달서구,,42644,"대구광역시 달서구 감삼북길 141, (감삼동)",053-560-9114,,20070104,11,167,0,0,0,0,7,11,1,0,0,0,0,35.8506043,128.5414515
JDQ4MTYyMiM3MSMkMSMkMCMkODkkMzgxMzUxIzExIyQyIyQzIyQwMCQyNjEyMjIjNTEjJDEjJDYjJDgz,서남대학교병원,11,종합병원,4,학교법인,240000,광주,240001,광주동구,불로동,61488,"광주광역시 동구 천변우로 415,  (불로동)",062-224-0671,,19830415,0,122,0,0,0,1,2,10,6,0,0,0,0,35.1454843,126.9148319
JDQ4MTYyMiM3MSMkMSMkMCMkODkkMzgxMzUxIzExIyQxIyQzIyQ5MiQzNjE4MzIjNTEjJDEjJDYjJDgz,의료법인해민의료재단 세안종합병원,11,종합병원,11,의료법인,360000,전남,360300,목포시,,58618,"전라남도 목포시 고하대로 795-2, (연산동)",061-260-6700,,20080707,1,124,19,0,0,0,2,9,10,0,208,0,0,34.8168779,126.380155
JDQ4MTYyMiM4MSMkMSMkMCMkODkkMzgxMzUxIzExIyQxIyQzIyQ3OSQyNjEyMjIjNjEjJDEjJDQjJDgz,계명대학교동산병원,1,상급종합,4,학교법인,230000,대구,230007,대구달서구,,42601,"대구광역시 달서구 달구벌대로 1035, (신당동)",1577-6622,,19680406,68,775,53,5,39,6,24,40,22,0,20,8,4,35.8552487,128.4893299
JDQ4MTAxMiM1MSMkMSMkMCMkODkkMzgxMzUxIzExIyQxIyQzIyQ3MiQyNjEwMDIjODEjJDEjJDYjJDgz,동래봉생병원,11,종합병원,12,개인,210000,부산,210003,부산동래구,,47889,"부산광역시 동래구 안연로109번길 27, (안락동)",051-531-6000,,19900601,14,227,14,0,0,0,5,10,20,0,0,0,0,35.196895,129.0961192
JDQ4MTYyMiM3MSMkMSMkMCMkODkkMzgxMzUxIzExIyQxIyQzIyQxMyQ0NjEwMDIjNjEjJDEjJDAjJDgz,의료법인한마음의료재단 여수제일병원,11,종합병원,11,의료법인,360000,전남,360500,여수시,,59677,"전라남도 여수시 쌍봉로 70,  (학동)",061-689-8123,,19980110,28,337,19,0,0,1,6,10,30,0,0,0,0,34.7630541,127.663526
JDQ4MTYyMiM4MSMkMSMkNCMkODkkMzgxMzUxIzExIyQxIyQzIyQ3MiQyNjEyMjIjNjEjJDEjJDQjJDgz,학교법인성균관대학삼성창원병원,1,상급종합,4,학교법인,380000,경남,380701,창원마산회원구,,51353,"경상남도 창원시 마산회원구 팔용로 158, (합성동, 삼성창원병원)",055-233-8899,,19810311,59,611,58,0,24,7,15,40,17,0,0,10,0,35.2422558,128.5924638
JDQ4MTYyMiM1MSMkMSMkMCMkODkkMzgxMzUxIzExIyQxIyQ3IyQ5OSQyNjEyMjIjNjEjJDEjJDAjJDgz,의료법인 양진의료재단 평택성모병원,11,종합병원,11,의료법인,310000,경기,311200,평택시,,17825,"경기도 평택시 평택로 284, (세교동)",1800-8800,,20150129,36,315,18,0,0,0,7,22,20,0,0,0,0,37.0083963,127.074141
JDQ4MTYyMiM3MSMkMSMkMCMkODkkMzgxMzUxIzExIyQxIyQzIyQwMyQzNjE4MzIjNDEjJDEjJDgjJDgz,미래로21병원,11,종합병원,12,개인,240000,광주,240003,광주서구,,62045,"광주광역시 서구 화운로 1,  (화정동)",062-450-1000,,20040305,4,188,8,0,0,0,3,10,18,0,0,0,0,35.1410722,126.8852895
JDQ4MTYyMiM2MSMkMSMkNiMkODkkMzgxMzUxIzExIyQxIyQzIyQ5OSQyNjEyMjIjNTEjJDEjJDIjJDgz,의료법인 오성의료재단 동군산병원,11,종합병원,11,의료법인,350000,전북,350100,군산시,,54033,"전라북도 군산시 조촌로 149,  (조촌동)",063-440-0300,,20040604,27,236,18,0,0,0,6,23,10,0,0,0,0,35.9775333,126.7371977
JDQ4MTYyMiM1MSMkMSMkMCMkODkkMzgxMzUxIzExIyQxIyQ3IyQ2MiQyNjE0ODEjNTEjJDEjJDIjJDgz,의료법인 플러스의료재단 단원병원,11,종합병원,11,의료법인,310000,경기,311101,안산단원구,,15457,"경기도 안산시 단원구 원포공원1로 20, 동의성단원병원 (초지동)",031-8040-6600,,20080301,16,262,15,0,0,0,5,16,26,0,0,6,0,37.300218,126.8132508
JDQ4MTYyMiM3MSMkMSMkMCMkODkkMzgxMzUxIzExIyQxIyQzIyQ4MiQzNjE0ODEjNDEjJDEjJDgjJDgz,첨단종합병원,11,종합병원,12,개인,240000,광주,240004,광주광산구,,62274,"광주광역시 광산구 첨단중앙로170번길 59,  (쌍암동)",062-601-8000,,20021112,35,378,24,0,0,0,5,25,20,1,48,1,0,35.2211805,126.8451489
JDQ4MTYyMiM1MSMkMSMkNCMkODkkMzgxMzUxIzExIyQxIyQzIyQ4OSQzNjEwMDIjODEjJDEjJDYjJDgz,강원특별자치도강릉의료원,11,종합병원,3,공립,320000,강원,320100,강릉시,남문동,25535,"강원특별자치도 강릉시 경강로 2007, 2007 (남문동)",033-610-1200,,19830701,4,118,8,0,0,0,2,6,8,0,0,25,0,37.7494389,128.8890473
JDQ4MTYyMiM4MSMkMSMkMCMkODkkMzgxMzUxIzExIyQxIyQzIyQ3OSQyNjEwMDIjNzEjJDEjJDgjJDgz,경북대학교병원,1,상급종합,5,특수법인,230000,대구,230006,대구중구,,41944,"대구광역시 중구 동덕로 130, (삼덕동2가, 경북대학교병원)",053-200-5114,,19100907,44,716,87,0,13,2,24,34,15,1,19,18,2,35.8664376,128.6044603
JDQ4MTYyMiM4MSMkMSMkMCMkODkkMzgxMzUxIzExIyQyIyQzIyQwMCQ0NjEwMDIjNjEjJDEjJDAjJDgz,경상북도김천의료원,11,종합병원,3,공립,370000,경북,370300,김천시,,39579,"경상북도 김천시 모암길 24,  (모암동)",054-432-8901,,19660426,20,253,15,0,0,0,5,18,16,0,0,8,0,36.1224526,128.1266775
JDQ4MTYyMiM1MSMkMSMkMCMkODkkMzgxMzUxIzExIyQxIyQzIyQxMyQzNjEyMjIjNDEjJDEjJDgjJDgz,오산한국병원,11,종합병원,12,개인,310000,경기,311800,오산시,,18144,"경기도 오산시 밀머리로1번길 16, (원동)",031-379-8300,,20090105,20,257,20,0,0,1,5,20,20,0,0,2,0,37.1412009,127.0752589
JDQ4MTYyMiM4MSMkMSMkMCMkODkkMzgxMzUxIzExIyQxIyQzIyQ2MiQzNjE0ODEjNDEjJDEjJDgjJDgz,순천향대학교 부속 구미병원,11,종합병원,4,학교법인,370000,경북,370200,구미시,,39371,"경상북도 구미시 1공단로 179,  (공단동)",054-468-9114,,19790918,15,300,17,0,0,2,6,20,8,0,0,1,0,36.1029197,128.3826798
JDQ4MTYyMiM4MSMkMSMkMCMkODkkMzgxMzUxIzExIyQxIyQzIyQ2MiQzNjEyMjIjNzEjJDEjJDgjJDgz,칠곡경북대학교병원,1,상급종합,3,공립,230000,대구,230003,대구북구,,41404,"대구광역시 북구 호국로 807, 칠곡경북대학교병원(임살실습동 1~11층 포함) (학정동)",053-200-2000,,20101029,54,778,37,8,31,7,34,41,15,0,20,19,12,35.9561644,128.5653029
JDQ4MTYyMiM4MSMkMSMkMCMkODkkMzgxMzUxIzExIyQxIyQzIyQ2MiQzNjE4MzIjNjEjJDEjJDQjJDgz,에스포항병원,11,종합병원,12,개인,370000,경북,370701,포항남구,,37659,"경상북도 포항시 남구 희망대로 352,  (이동)",054-289-9000,,20081029,10,229,15,0,0,1,4,7,31,0,0,0,0,36.0404737,129.3201656
JDQ4MTYyMiM4MSMkMSMkMCMkODkkMzgxMzUxIzExIyQxIyQzIyQ4OSQyNjE0ODEjNjEjJDEjJDgjJDgz,의료법인동춘의료재단문경제일병원,11,종합병원,11,의료법인,370000,경북,370800,문경시,,36986,"경상북도 문경시 당교3길 25,  (모전동)",054-550-7700,,19810605,5,479,36,0,0,0,3,20,18,1,161,7,0,36.5847071,128.189277
JDQ4MTYyMiM4MSMkMSMkMCMkODkkMzgxMzUxIzExIyQxIyQzIyQ4OSQyNjEwMDIjNjEjJDEjJDAjJDgz,안동성소병원,11,종합병원,9,재단법인,370000,경북,370400,안동시,,36690,"경상북도 안동시 서동문로 99,  (금곡동)",054-850-8114,,19810625,38,330,34,0,0,2,6,20,20,0,186,6,0,36.5692336,128.7210497
JDQ4MTg4MSM1MSMkMSMkMCMkODkkMzgxMzUxIzExIyQxIyQ3IyQ4OSQ0NjE0ODEjNDEjJDEjJDgjJDgz,미즈메디병원,11,종합병원,11,의료법인,110000,서울,110003,강서구,,7639,"서울특별시 강서구 강서로 295, (내발산동)",02-2007-1000,,20000124,42,66,0,0,0,15,6,5,2,0,0,0,0,37.5524944,126.8333061
JDQ4MTYyMiM4MSMkMSMkMCMkODkkMzgxMzUxIzExIyQxIyQzIyQ3MiQyNjE0ODEjNjEjJDEjJDQjJDgz,의료법인은성의료재단좋은선린병원,11,종합병원,11,의료법인,370000,경북,370702,포항북구,,37725,"경상북도 포항시 북구 대신로 43,  (대신동)",054-245-5000,,19790623,1,280,14,0,0,0,3,12,16,0,0,0,0,36.048046,129.3671193
JDQ4MTYyMiM4MSMkMSMkMCMkODkkMzgxMzUxIzExIyQxIyQzIyQ3MiQyNjEwMDIjNTEjJDEjJDYjJDgz,영주적십자병원,11,종합병원,3,공립,370000,경북,370500,영주시,,36058,"경상북도 영주시 대학로 327-0, 영주적십자병원",054-630-0100,,20180502,12,124,10,0,0,0,3,10,8,0,0,4,0,36.8252312,128.604632
JDQ4MTYyMiM4MSMkMSMkMCMkODkkMzgxMzUxIzExIyQxIyQzIyQ3MiQyNjE4MzIjNDEjJDEjJDQjJDgz,삼일병원,11,종합병원,12,개인,230000,대구,230007,대구달서구,,42818,"대구광역시 달서구 월배로 436, 지하1,지상1~11층 (송현동)",053-659-3100,,20080721,8,191,0,0,0,0,4,15,25,0,0,1,0,35.8325265,128.553612
JDQ4MTYyMiM4MSMkMSMkMCMkODkkMzgxMzUxIzExIyQxIyQzIyQ3MiQzNjE0ODEjODEjJDEjJDIjJDgz,더블유병원,11,종합병원,12,개인,230000,대구,230007,대구달서구,,42642,"대구광역시 달서구 달구벌대로 1632, (감삼동)",053-550-5000,,20080912,12,249,0,0,0,0,8,7,12,0,0,0,0,35.8526106,128.544912
JDQ4MTYyMiM4MSMkMSMkMCMkODkkMzgxMzUxIzExIyQxIyQzIyQ3MiQzNjEwMDIjNjEjJDEjJDgjJDgz,계명대학교대구동산병원,11,종합병원,4,학교법인,230000,대구,230006,대구중구,,41931,"대구광역시 중구 달성로 56, 계명대학교대구동산병원 (동산동)",053-250-8114,,20190329,50,206,9,0,0,0,3,14,6,0,0,0,0,35.8687011,128.5834786
JDQ4MTg4MSM1MSMkMSMkMCMkODkkMzgxMzUxIzExIyQyIyQ3IyQwMCQyNjE4MzIjNjEjJDEjJDAjJDgz,부민병원,11,종합병원,11,의료법인,110000,서울,110003,강서구,,7590,"서울특별시 강서구 공항대로 389, 부민병원 (등촌동)",1577-7582,,20110414,9,271,12,0,0,1,7,11,37,0,0,3,0,37.556895,126.850927
JDQ4MTYyMiM2MSMkMSMkMiMkODkkMzgxMzUxIzExIyQxIyQzIyQ5OSQzNjEwMDIjNTEjJDEjJDYjJDgz,의료법인 영서의료재단 천안충무병원,11,종합병원,11,의료법인,340000,충남,340201,천안서북구,,31181,"충청남도 천안시 서북구 다가말3길 8,  (쌍용동)",041-570-7555,,19960501,6,329,29,0,0,1,5,21,19,0,0,0,0,36.7974752,127.1316312
JDQ4MTg4MSM1MSMkMSMkMCMkODkkMzgxMzUxIzExIyQyIyQ3IyQwMCQzNjEyMjIjODEjJDEjJDYjJDgz,이화여자대학교의과대학부속서울병원,11,종합병원,4,학교법인,110000,서울,110003,강서구,,7804,"서울특별시 강서구 공항대로 260, 이화의대부속서울병원 (마곡동)",1522-7000,,20181226,76,629,72,0,19,2,19,32,15,0,0,2,4,37.557596,126.8361761
JDQ4MTYyMiM1MSMkMSMkMCMkODkkMzgxMzUxIzExIyQxIyQ3IyQ2MiQyNjEwMDIjNDEjJDEjJDgjJDgz,학교법인 을지학원 의정부을지대학교병원,11,종합병원,4,학교법인,310000,경기,310800,의정부시,,11759,"경기도 의정부시 동일로 712, 을지대학교 의정부캠퍼스 및 부속병원 (금오동)",031-951-1000,,20201123,27,474,55,0,5,16,12,48,20,2,20,3,4,37.7526554,127.0519847
JDQ4MTYyMiM3MSMkMSMkMCMkODkkMzgxMzUxIzExIyQxIyQzIyQwMyQ0NjE0ODEjODEjJDEjJDYjJDgz,광주현대병원,11,종합병원,12,개인,240000,광주,240002,광주북구,,61063,"광주광역시 북구 설죽로 291,  (용봉동)",062-570-0114,,19980603,20,212,0,0,0,0,7,10,31,0,0,0,0,35.1856552,126.8979835
JDQ4MTYyMiM1MSMkMSMkMCMkODkkMzgxMzUxIzExIyQyIyQ3IyQwMCQ0NjE0ODEjNDEjJDEjJDgjJDgz,부천우리병원,11,종합병원,12,개인,310000,경기,310300,부천시,,14466,"경기도 부천시 소사로 726, 지하4층~지상5층 (원종동)",032-672-4100,,20070416,3,124,8,0,0,0,2,10,13,0,0,0,0,37.5208607,126.8051958
JDQ4MTg4MSM1MSMkMSMkMCMkODkkMzgxMzUxIzExIyQxIyQzIyQ2MiQ0NjEwMDIjNjEjJDEjJDAjJDgz,고려대학교의과대학부속구로병원,1,상급종합,4,학교법인,110000,서울,110005,구로구,,8308,"서울특별시 구로구 구로동로 148, 고려대부속구로병원 (구로동)",02-2626-1114,,19830831,64,857,90,0,20,5,22,42,11,0,30,4,26,37.4934185,126.8822815
JDQ4MTAxMiM1MSMkMSMkMCMkODkkMzgxMzUxIzExIyQxIyQzIyQ4MiQyNjE4MzIjNTEjJDEjJDIjJDgz,의료법인 인당의료재단 부민병원,11,종합병원,11,의료법인,210000,부산,210005,부산북구,,46555,"부산광역시 북구 만덕대로 59, (덕천동)",051-330-3000,,20030102,8,346,19,0,0,1,8,12,23,0,0,1,0,35.2118661,129.0112476
JDQ4MTYyMiM1MSMkMSMkMCMkODkkMzgxMzUxIzExIyQxIyQzIyQxMyQzNjEwMDIjNTEjJDEjJDYjJDgz,(의)영문의료재단 다보스병원,11,종합병원,11,의료법인,310000,경기,312003,용인처인구,,17063,"경기도 용인시 처인구 백옥대로1082번길 18, 다보스종합병원 (김량장동)",031-8021-2114,,20081224,1,224,25,0,0,0,6,20,18,0,0,0,0,37.2314675,127.2113666
JDQ4MTYyMiM3MSMkMSMkMCMkODkkMzgxMzUxIzExIyQxIyQ3IyQ3OSQzNjEwMDIjNTEjJDEjJDIjJDgz,동아병원,11,종합병원,12,개인,240000,광주,240005,광주남구,,61656,"광주광역시 남구 대남대로 238,  (백운동)",062-650-2500,,19950613,8,267,0,0,0,0,6,10,20,0,0,1,0,35.1381659,126.8983239
JDQ4MTYyMiM1MSMkMSMkMCMkODkkMzgxMzUxIzExIyQxIyQ3IyQ5OSQzNjEwMDIjODEjJDEjJDYjJDgz,의료법인 갈렌의료재단 박병원,11,종합병원,11,의료법인,310000,경기,311200,평택시,,17784,"경기도 평택시 송탄로 33, (장당동)",031-666-2600,,20030120,0,134,9,0,0,0,2,9,15,0,0,10,0,37.048219,127.056992
JDQ4MTYyMiM4MSMkMSMkMCMkODkkMzgxMzUxIzExIyQyIyQzIyQwMCQzNjEwMDIjNDEjJDEjJDgjJDgz,경상북도안동의료원,11,종합병원,3,공립,370000,경북,370400,안동시,,36694,"경상북도 안동시 태사2길 55,  (북문동)",054-850-6000,,19810831,11,206,10,0,0,0,4,10,25,0,0,19,0,36.567983,128.7322407
JDQ4MTYyMiM1MSMkMSMkMCMkODkkMzgxMzUxIzExIyQyIyQ3IyQwMCQzNjEyMjIjNjEjJDEjJDAjJDgz,성남시의료원,11,종합병원,3,공립,310000,경기,310401,성남수정구,,13290,"경기도 성남시 수정구 수정로171번길 10, 성남시의료원 (태평동)",031-738-7000,,20191107,9,232,30,0,0,0,8,29,16,0,0,28,0,37.4448723,127.138907
JDQ4MTAxMiM1MSMkMSMkMCMkODkkMzgxMzUxIzExIyQxIyQzIyQ3OSQyNjEyMjIjNDEjJDEjJDgjJDgz,부산대학교병원,1,상급종합,3,공립,210000,부산,210006,부산서구,,49241,"부산광역시 서구 구덕로 179, (아미동1가)",240-7000,,19810827,64,929,105,0,20,12,26,37,26,1,18,28,12,35.100389,129.0191219
JDQ4MTAxMiM1MSMkMSMkMCMkODkkMzgxMzUxIzExIyQxIyQzIyQ4MiQyNjE0ODEjODEjJDEjJDIjJDgz,인제대학교 해운대백병원,11,종합병원,4,학교법인,210000,부산,210009,부산해운대구,,48108,"부산광역시 해운대구 해운대로 875, (좌동)",051-797-0100,,20100210,84,700,57,0,23,6,19,38,1,0,15,7,4,35.1844545,129.1742446
JDQ4MTAxMiM1MSMkMSMkMCMkODkkMzgxMzUxIzExIyQxIyQzIyQ4MiQyNjEwMDIjNjEjJDEjJDgjJDgz,의료법인 온그룹의료재단 온종합병원,11,종합병원,11,의료법인,210000,부산,210004,부산진구,,47261,"부산광역시 부산진구 가야대로 719, 767, 721, 본관 지하3~5층, 본관 6~11층 전부, 본관 12층 일부, 본관 13~14층 전부, (당감동)",051-607-0133,,20100226,31,627,35,0,0,1,4,27,20,0,0,7,0,35.1576679,129.0500572
JDQ4MTAxMiM1MSMkMSMkMCMkODkkMzgxMzUxIzExIyQxIyQzIyQ4MiQzNjEyMjIjNzEjJDEjJDgjJDgz,구포성심병원,11,종합병원,12,개인,210000,부산,210005,부산북구,,46581,"부산광역시 북구 낙동대로 1786, (구포동)",051-330-2001,,19830419,2,241,0,0,0,0,4,10,21,0,0,0,0,35.2096984,129.004708
JDQ4MTAxMiM1MSMkMSMkMCMkODkkMzgxMzUxIzExIyQxIyQzIyQ4MiQyNjEyMjIjNjEjJDEjJDAjJDgz,동남권원자력의학원,11,종합병원,3,공립,210000,부산,210100,부산기장군,,46033,"부산광역시 기장군 장안읍 좌동길 40, ()",051-720-5114,,20100414,13,203,8,0,0,0,11,10,4,0,0,1,0,35.3211073,129.2438784
JDQ4MTAxMiM1MSMkMSMkMCMkODkkMzgxMzUxIzExIyQxIyQzIyQ3OSQyNjE4MzIjODEjJDEjJDYjJDgz,고신대학교복음병원,11,종합병원,4,학교법인,210000,부산,210006,부산서구,,49267,"부산광역시 서구 감천로 262, (암남동)",990-6114,,19740226,46,708,70,0,18,7,13,29,13,0,14,10,4,35.0815997,129.0131757
JDQ4MTAxMiM1MSMkMSMkMCMkODkkMzgxMzUxIzExIyQxIyQzIyQ3OSQzNjEyMjIjNTEjJDEjJDYjJDgz,인제대학교부산백병원,1,상급종합,4,학교법인,210000,부산,210004,부산진구,,47392,"부산광역시 부산진구 복지로 75, 진사로83번길 75, 진사로83번길 81, 1층(일부), 3층 (개금동)",051-890-6114,,19790601,15,631,56,0,35,4,17,35,20,0,20,20,4,35.144127,129.0186157
JDQ4MTYyMiM2MSMkMSMkMiMkODkkMzgxMzUxIzExIyQxIyQzIyQ5OSQ0NjEwMDIjNjEjJDEjJDgjJDgz,순천향대학교부속 천안병원,1,상급종합,4,학교법인,340000,충남,340202,천안동남구,,31151,"충청남도 천안시 동남구 순천향6길 31,  5동 (봉명동,순천향대학교병원)",041-570-2114,,19820625,3,776,51,0,30,13,13,31,7,1,16,18,0,36.8025927,127.1357093
JDQ4MTYyMiM1MSMkMSMkMCMkODkkMzgxMzUxIzExIyQxIyQzIyQ5MiQyNjE4MzIjNTEjJDEjJDIjJDgz,원광대학교 산본병원,11,종합병원,4,학교법인,310000,경기,311400,군포시,,15865,"경기도 군포시 산본로 321, (산본동)",031-390-2300,,20000801,7,211,10,0,0,1,5,20,12,0,0,0,0,37.3594155,126.9336153
JDQ4MTYyMiM1MSMkMSMkMCMkODkkMzgxMzUxIzExIyQyIyQ3IyQwMCQzNjE4MzIjNTEjJDEjJDIjJDgz,의료법인성광의료재단일산차병원,11,종합병원,11,의료법인,310000,경기,311903,고양일산동구,,10414,"경기도 고양시 일산동구 중앙로 1205, 지하1층(일부),지하2층,지하4층(일부),1층(일부),2층(일부),3층(일부),4~5층,6층(일부), 7~10층 (장항동)",031-782-8300,,20191226,47,189,5,0,16,9,12,10,2,0,0,3,0,37.6542154,126.7759541
JDQ4MTYyMiM3MSMkMSMkMCMkODkkMzgxMzUxIzExIyQxIyQzIyQxMyQyNjE0ODEjNDEjJDEjJDgjJDgz,광주일곡병원,11,종합병원,12,개인,240000,광주,240002,광주북구,,61040,"광주광역시 북구 양일로 309,  (일곡동)",062-608-7000,,20021213,8,136,0,0,0,0,2,10,18,0,0,0,0,35.2028607,126.8976097
JDQ4MTYyMiM3MSMkMSMkMCMkODkkMzgxMzUxIzExIyQxIyQzIyQwMyQyNjEyMjIjNDEjJDEjJDQjJDgz,의료법인거명의료재단 영광기독병원,11,종합병원,11,의료법인,360000,전남,360014,영광군,,57044,"전라남도 영광군 영광읍 신남로 265, ()",061-350-3000,,19880408,11,184,11,0,0,0,2,11,15,0,0,0,0,35.274942,126.5109103
JDQ4MTYyMiM2MSMkMSMkMiMkODkkMzgxMzUxIzExIyQxIyQzIyQ3OSQyNjEwMDIjNjEjJDEjJDgjJDgz,충남대학교병원,1,상급종합,3,공립,250000,대전,250005,대전중구,,0,"대전광역시 중구 문화로 282- , (대사동)",042-1599-7123,,19841105,63,1043,85,5,34,5,30,39,63,0,26,14,19,36.3168416,127.4161604
JDQ4MTYyMiM4MSMkMSMkMCMkODkkMzgxMzUxIzExIyQyIyQzIyQwMCQyNjE4MzIjNjEjJDEjJDQjJDgz,영남대학교의과대학부속영천병원,11,종합병원,4,학교법인,370000,경북,370600,영천시,,38840,"경상북도 영천시 오수1길 10, (오수동)",054-338-9000,,19990928,11,179,10,0,0,0,5,13,14,0,0,0,0,35.9573831,128.9134566
JDQ4MTAxMiM1MSMkMSMkMCMkODkkMzgxMzUxIzExIyQxIyQzIyQ3OSQzNjEwMDIjNjEjJDEjJDQjJDgz,부산성모병원(재단법인 천주교부산교구유지재단),11,종합병원,9,재단법인,210000,부산,210001,부산남구,,48575,"부산광역시 남구 용호로232번길 25-14, (용호동)",051-933-7114,,20060602,56,300,9,0,10,5,7,19,12,0,0,2,0,35.1096977,129.1099546
JDQ4MTYyMiM4MSMkMSMkNCMkODkkMzgxMzUxIzExIyQxIyQzIyQ2MiQ0NjE0ODEjNzEjJDEjJDgjJDgz,창원한마음병원,11,종합병원,11,의료법인,380000,경남,380704,창원의창구,,51139,"경상남도 창원시 의창구 용동로57번길 8, (사림동)",055-225-0000,,20020401,72,613,54,0,10,12,15,27,20,0,0,6,3,35.2378981,128.6990459
JDQ4MTYyMiM1MSMkMSMkMCMkODkkMzgxMzUxIzExIyQxIyQzIyQ3MiQzNjE4MzIjNDEjJDEjJDgjJDgz,대진의료재단 분당제생병원,11,종합병원,11,의료법인,310000,경기,310403,성남분당구,,13590,"경기도 성남시 분당구 서현로180번길 20, (서현동)",031-779-0114,,19980328,36,445,27,0,3,2,9,24,35,0,0,2,0,37.3881306,127.1216232
JDQ4MTYyMiM1MSMkMSMkMCMkODkkMzgxMzUxIzExIyQxIyQzIyQ5MiQyNjEyMjIjNjEjJDEjJDAjJDgz,의료법인루가의료재단 나은병원,11,종합병원,11,의료법인,220000,인천,220005,인천서구,,0,"인천광역시 서구 원적로 23- , 23",032-584-0114,,20000814,9,353,19,0,0,1,7,20,25,0,0,1,0,37.4892505,126.6797544
JDQ4MTYyMiM4MSMkMSMkNCMkODkkMzgxMzUxIzExIyQxIyQzIyQ3MiQzNjEwMDIjNDEjJDEjJDQjJDgz,제일병원,11,종합병원,12,개인,380000,경남,380500,진주시,,52709,"경상남도 진주시 진주대로 885, (강남동)",055-750-7123,,19830305,22,221,9,0,0,0,7,20,20,0,0,0,0,35.1835369,128.0874505
JDQ4MTYyMiM4MSMkMSMkNCMkODkkMzgxMzUxIzExIyQxIyQzIyQ3MiQzNjE0ODEjNDEjJDEjJDgjJDgz,의료법인갑을의료재단 갑을장유병원,11,종합병원,11,의료법인,380000,경남,380100,김해시,,50971,"경상남도 김해시 장유로 167-13, (부곡동)",055-310-6000,,20050901,12,188,0,0,0,0,4,10,20,0,0,0,0,35.2120859,128.7958039
JDQ4MTYyMiM4MSMkMSMkNCMkODkkMzgxMzUxIzExIyQxIyQzIyQ3MiQyNjE4MzIjNTEjJDEjJDYjJDgz,의료법인보원의료재단 경희대학교 교육협력 중앙병원,11,종합병원,11,의료법인,380000,경남,380100,김해시,,50960,"경상남도 김해시 분성로 94-8, (외동)",055-330-6000,,19970401,43,386,23,0,0,0,9,21,28,0,0,0,0,35.2297022,128.8693878
JDQ4MTYyMiM4MSMkMSMkNCMkODkkMzgxMzUxIzExIyQxIyQzIyQ3MiQzNjE4MzIjNjEjJDEjJDgjJDgz,의료법인 성념의료재단맑은샘병원,11,종합병원,11,의료법인,380000,경남,381000,거제시,,53209,"경상남도 거제시 연초면 거제대로 4477, ()",055-731-1240,,20130409,3,202,0,0,0,0,2,11,21,0,0,0,0,34.8976967,128.6436134
JDQ4MTg4MSM1MSMkMSMkMCMkODkkMzgxMzUxIzExIyQxIyQzIyQwMyQyNjEwMDIjODEjJDEjJDIjJDgz,인제대학교 상계백병원,11,종합병원,4,학교법인,110000,서울,110022,노원구,,1757,"서울특별시 노원구 동일로 1342, 상계백병원 (상계동)",02-950-1114,,19890814,9,393,36,0,11,10,13,22,10,0,5,3,0,37.6485082,127.0631429
JDQ4MTg4MSM1MSMkMSMkMCMkODkkMzgxMzUxIzExIyQyIyQ3IyQwMCQyNjEwMDIjODEjJDEjJDIjJDgz,국립중앙의료원,11,종합병원,3,공립,110000,서울,110017,중구,,4564,"서울특별시 중구 을지로 245, (을지로6가)",02-2260-7114,,20100402,23,390,55,0,0,3,10,23,8,0,0,37,0,37.5677844,127.0068849
JDQ4MTg4MSM1MSMkMSMkMCMkODkkMzgxMzUxIzExIyQxIyQzIyQ4MiQ0NjEwMDIjODEjJDEjJDYjJDgz,대림성모병원,11,종합병원,12,개인,110000,서울,110013,영등포구,,7442,"서울특별시 영등포구 시흥대로 657, (대림동, 대림성모병원)",02-829-9000,,19740924,6,156,0,0,0,0,4,10,16,0,0,0,0,37.4906357,126.9071846
JDQ4MTg4MSM1MSMkMSMkMCMkODkkMzgxMzUxIzExIyQxIyQ3IyQ5OSQzNjEwMDIjNTEjJDEjJDYjJDgz,녹색병원,11,종합병원,9,재단법인,110000,서울,110019,중랑구,,2221,"서울특별시 중랑구 사가정로49길 53, (면목동)",02-490-2000,,20030917,5,260,14,0,0,1,3,12,18,0,0,3,0,37.5835428,127.0862135
JDQ4MTYyMiM4MSMkMSMkNCMkODkkMzgxMzUxIzExIyQxIyQzIyQ3OSQzNjE0ODEjNjEjJDEjJDQjJDgz,의료법인 거붕 백병원,11,종합병원,11,의료법인,380000,경남,381000,거제시,,53290,"경상남도 거제시 계룡로5길 14, (상동동)",055-733-0000,,19790209,14,275,10,0,0,0,4,10,22,0,0,0,0,34.8732759,128.6264394
JDQ4MTYyMiM4MSMkMSMkMCMkODkkMzgxMzUxIzExIyQyIyQzIyQwMCQzNjE0ODEjNTEjJDEjJDYjJDgz,차의과학대학교부속구미차병원,11,종합병원,4,학교법인,370000,경북,370200,구미시,,39295,"경상북도 구미시 신시로10길 12,  (형곡동)",054-450-9700,,19950617,16,311,43,0,6,3,11,31,6,0,0,0,0,36.1144655,128.3405291
JDQ4MTYyMiM1MSMkMSMkOCMkODkkMzgxMzUxIzExIyQxIyQzIyQ4OSQzNjE4MzIjODEjJDEjJDYjJDgz,의료법인한마음의료재단하나병원,11,종합병원,11,의료법인,330000,충북,330102,청주흥덕구,,28378,"충청북도 청주시 흥덕구 2순환로 1262-0, 하나병원",043-230-6114,,19980615,32,372,26,0,0,1,7,23,18,0,0,0,0,36.6234909,127.4309797
JDQ4MTYyMiM1MSMkMSMkNCMkODkkMzgxMzUxIzExIyQxIyQzIyQ3OSQ0NjE0ODEjNjEjJDEjJDgjJDgz,강원특별자치도원주의료원,11,종합병원,3,공립,320000,강원,320400,원주시,,26448,"강원특별자치도 원주시 서원대로 387- ,  (개운동)",033-760-4605,,19830701,16,190,11,0,0,0,3,10,14,0,0,17,0,37.3428416,127.9573276
JDQ4MTYyMiM1MSMkMSMkNCMkODkkMzgxMzUxIzExIyQxIyQzIyQ3OSQ0NjEwMDIjNjEjJDEjJDAjJDgz,의료법인 강릉동인병원,11,종합병원,11,의료법인,320000,강원,320100,강릉시,,25478,"강원특별자치도 강릉시 강릉대로419번길 42-0,  (포남동)",033-650-6161,,19830618,29,217,33,0,0,1,6,20,14,0,141,2,0,37.7735465,128.9080466
JDQ4MTYyMiM1MSMkMSMkNCMkODkkMzgxMzUxIzExIyQxIyQzIyQ3OSQzNjE4MzIjODEjJDEjJDIjJDgz,강원특별자치도영월의료원,11,종합병원,3,공립,320000,강원,320006,영월군,영월읍,26234,"강원특별자치도 영월군 영월읍 중앙1로 59, (영월읍)",033-370-9101,,19830701,6,165,11,0,0,1,2,10,8,0,0,2,0,37.1865137,128.4651117
JDQ4MTYyMiM4MSMkMSMkMCMkODkkMzgxMzUxIzExIyQxIyQzIyQ3MiQzNjE4MzIjNTEjJDEjJDIjJDgz,나사렛종합병원,11,종합병원,12,개인,230000,대구,230007,대구달서구,,42784,"대구광역시 달서구 월배로 97, 나사렛병원 (진천동)",053-643-1400,,20200116,12,248,14,0,0,0,5,11,20,0,0,0,0,35.814515,128.525249
JDQ4MTAxMiM1MSMkMSMkMCMkODkkMzgxMzUxIzExIyQxIyQzIyQ2MiQyNjEwMDIjNDEjJDEjJDgjJDgz,학교법인)동의병원,11,종합병원,4,학교법인,210000,부산,210004,부산진구,,47227,"부산광역시 부산진구 양정로 62, 지상2ㆍ3ㆍ10층 각 일부/ 지하1ㆍ지상1ㆍ지상4~지상8층 전층 (양정동)",051-867-5101,,19900421,27,397,22,0,0,4,5,15,42,0,0,2,0,35.1703119,129.077121
JDQ4MTAxMiM1MSMkMSMkMCMkODkkMzgxMzUxIzExIyQxIyQzIyQ5OSQ0NjEwMDIjNTEjJDEjJDIjJDgz,한국보훈복지의료공단 부산보훈병원,11,종합병원,5,특수법인,210000,부산,210015,부산사상구,,46996,"부산광역시 사상구 백양대로 420, (주례동)",051-601-6000,,19920511,8,424,24,0,0,1,7,13,33,0,0,19,0,35.1508043,129.0027564
JDQ4MTAxMiM1MSMkMSMkMCMkODkkMzgxMzUxIzExIyQxIyQzIyQ2MiQzNjEyMjIjNTEjJDEjJDIjJDgz,의료법인정화의료재단 봉생기념병원,11,종합병원,11,의료법인,210000,부산,210002,부산동구,,48775,"부산광역시 동구 중앙대로 401, (좌천동, 봉생병원)",051-664-4000,,19850105,16,324,22,0,0,1,8,11,23,0,31,1,0,35.131003,129.050142
JDQ4MTg4MSM1MSMkMSMkMCMkODkkMzgxMzUxIzExIyQxIyQzIyQ5OSQyNjE4MzIjNDEjJDEjJDgjJDgz,한국보훈복지의료공단 중앙보훈병원,11,종합병원,3,공립,110000,서울,110002,강동구,,5368,"서울특별시 강동구 진황도로61길 53, (둔촌동)",02-2225-1111,,19831116,5,830,54,0,0,1,15,25,24,0,60,28,2,37.5296969,127.1477172
JDQ4MTYyMiM4MSMkMSMkMCMkODkkMzgxMzUxIzExIyQxIyQzIyQ3MiQzNjEyMjIjNjEjJDEjJDAjJDgz,드림종합병원,11,종합병원,12,개인,230000,대구,230001,대구남구,대명동,42474,"대구광역시 남구 대명로 153, (대명동)",053-640-8800,,20090102,5,198,0,0,0,0,3,10,8,0,0,1,0,35.8396131,128.5745156
JDQ4MTg4MSM1MSMkMSMkMCMkODkkMzgxMzUxIzExIyQxIyQzIyQwMyQyNjE0ODEjNDEjJDEjJDQjJDgz,재단법인아산사회복지재단 서울아산병원,1,상급종합,9,재단법인,110000,서울,110018,송파구,,5505,"서울특별시 송파구 올림픽로43길 88, 서울아산병원 (풍납동)",02-3010-3114,,19890520,330,2094,162,25,62,10,76,93,32,3,30,28,19,37.5265455,127.1081223
JDQ4MTYyMiM3MSMkMSMkMCMkODkkMzgxMzUxIzExIyQxIyQzIyQwMyQyNjEwMDIjNDEjJDEjJDgjJDgz,KS병원,11,종합병원,12,개인,240000,광주,240004,광주광산구,,62248,"광주광역시 광산구 왕버들로 220, (수완동)",062-975-9000,,20110422,11,246,12,0,0,0,4,25,20,0,0,0,0,35.1981831,126.8329037
JDQ4MTYyMiM1MSMkMSMkMCMkODkkMzgxMzUxIzExIyQxIyQ3IyQ2MiQyNjE4MzIjNzEjJDEjJDgjJDgz,의료법인 토마스의료재단 윌스기념병원,11,종합병원,11,의료법인,310000,경기,310603,수원팔달구,,16480,"경기도 수원시 팔달구 경수대로 437, (인계동)",031-223-2233,,20021021,6,203,14,0,0,0,9,10,12,0,0,6,0,37.2654132,127.0255907
JDQ4MTg4MSM1MSMkMSMkMCMkODkkMzgxMzUxIzExIyQxIyQzIyQ3OSQyNjE4MzIjNjEjJDEjJDgjJDgz,인제대학교 서울백병원,11,종합병원,4,학교법인,110000,서울,110017,중구,,4551,"서울특별시 중구 마른내로 9, (저동2가)",02-2270-0114,,19760310,8,135,15,0,0,1,5,10,7,0,0,0,0,37.5653878,126.9909563
JDQ4MTYyMiM1MSMkMSMkMCMkODkkMzgxMzUxIzExIyQxIyQ3IyQ3OSQyNjEwMDIjNDEjJDEjJDgjJDgz,(의)나사렛의료재단 나사렛국제병원,11,종합병원,11,의료법인,220000,인천,220007,인천연수구,,21972,"인천광역시 연수구 먼우금로 98-0, 나사렛국제병원",032-899-9999,,20091201,7,226,16,0,0,1,5,20,23,0,0,3,0,37.4080241,126.6705124
JDQ4MTYyMiM1MSMkMSMkMCMkODkkMzgxMzUxIzExIyQxIyQ3IyQ3OSQ0NjEwMDIjNzEjJDEjJDgjJDgz,한림대학교동탄성심병원,11,종합병원,4,학교법인,310000,경기,312500,화성시,,18450,"경기도 화성시 큰재봉길 7, (석우동)",031-8086-3000,,20120914,21,692,74,0,13,8,19,47,17,0,0,13,0,37.2166622,127.0800079
JDQ4MTYyMiM1MSMkMSMkMCMkODkkMzgxMzUxIzExIyQxIyQ3IyQ3OSQyNjEyMjIjNDEjJDEjJDQjJDgz,근로복지공단안산병원,11,종합병원,3,공립,310000,경기,311102,안산상록구,,15324,"경기도 안산시 상록구 구룡로 87, 근로복지공단안산병원 (일동)",031-500-1114,,19860101,6,353,19,0,0,0,3,8,24,0,0,2,0,37.316315,126.8735
JDQ4MTYyMiM4MSMkMSMkMCMkODkkMzgxMzUxIzExIyQxIyQzIyQ2MiQyNjEyMjIjNjEjJDEjJDAjJDgz,구미강동병원,11,종합병원,12,개인,370000,경북,370200,구미시,,39399,"경상북도 구미시 인동20길 46,  (진평동)",054-453-7575,,20080324,7,186,12,0,0,0,5,10,18,0,0,0,0,36.0960566,128.4230068
JDQ4MTYyMiM2MSMkMSMkMiMkODkkMzgxMzUxIzExIyQxIyQzIyQ4OSQzNjEwMDIjNjEjJDEjJDgjJDgz,충청남도 천안의료원,11,종합병원,3,공립,340000,충남,340202,천안동남구,,31071,"충청남도 천안시 동남구 충절로 537,  (삼룡동)",041-570-7200,,19880524,14,259,15,0,0,0,4,13,14,0,0,6,0,36.7754606,127.1800572
JDQ4MTYyMiM1MSMkMSMkMCMkODkkMzgxMzUxIzExIyQxIyQ3IyQ5OSQzNjEyMjIjNzEjJDEjJDgjJDgz,인천세종병원,11,종합병원,11,의료법인,220000,인천,220008,인천계양구,,0,"인천광역시 계양구 계양문화로 20- ,  (작전동)",032-240-8000,,20170208,10,252,16,0,0,1,7,21,8,0,0,22,0,37.5320794,126.7368315
JDQ4MTYyMiM4MSMkMSMkMCMkODkkMzgxMzUxIzExIyQyIyQzIyQwMCQ0NjE0ODEjNjEjJDEjJDgjJDgz,곽병원,11,종합병원,11,의료법인,230000,대구,230006,대구중구,,41919,"대구광역시 중구 국채보상로 531, (수동)",053-252-2401,,19760409,12,212,0,0,0,0,4,12,15,0,0,0,0,35.868753,128.5895829
JDQ4MTYyMiM1MSMkMSMkMCMkODkkMzgxMzUxIzExIyQxIyQzIyQ5MiQzNjEwMDIjODEjJDEjJDYjJDgz,국군수도병원,11,종합병원,13,군병원,310000,경기,310403,성남분당구,,13574,"경기도 성남시 분당구 새마을로177번길 81, (율동)",031-725-6075,,20000226,14,590,34,0,0,0,10,28,13,1,14,8,0,37.3923728,127.149075
JDQ4MTYyMiM2MSMkMSMkMiMkODkkMzgxMzUxIzExIyQyIyQzIyQwMCQ0NjEwMDIjNTEjJDEjJDYjJDgz,의료법인 영제 의료재단 엔케이세종병원,11,종합병원,11,의료법인,410000,세종시,410000,세종시,,30130,"세종특별자치시 한누리대로 161, 세종시 NK리움힐 상가 1~8층 (나성동)",044-850-7700,,20190430,14,186,0,0,0,0,3,11,21,0,0,0,0,36.4795753,127.2622042
JDQ4MTYyMiM1MSMkMSMkNCMkODkkMzgxMzUxIzExIyQxIyQzIyQ4OSQ0NjEwMDIjNDEjJDEjJDgjJDgz,강릉아산병원,1,상급종합,9,재단법인,320000,강원,320100,강릉시,,25440,"강원특별자치도 강릉시 사천면 방동길 38, ()",033-610-3114,,19960730,42,633,55,0,13,5,15,31,11,0,0,5,0,37.818178,128.8585232
JDQ4MTYyMiM1MSMkMSMkMCMkODkkMzgxMzUxIzExIyQxIyQzIyQ2MiQyNjE4MzIjNDEjJDEjJDgjJDgz,연세대학교 의과대학 용인세브란스병원,11,종합병원,4,학교법인,310000,경기,312001,용인기흥구,,16995,"경기도 용인시 기흥구 동백죽전대로 363, (중동)",1899-1004,,19830309,48,540,36,0,14,2,17,28,24,0,0,4,0,37.2687633,127.1583795
JDQ4MTYyMiM1MSMkMSMkMCMkODkkMzgxMzUxIzExIyQyIyQzIyQwMCQyNjE0ODEjODEjJDEjJDYjJDgz,의료법인 길의료재단 길병원,1,상급종합,11,의료법인,220000,인천,220006,인천남동구,,21565,"인천광역시 남동구 남동대로774번길 21-0, 의료법인길의료재단길병원",,,19870217,57,1080,110,0,30,8,30,47,20,0,18,86,15,37.4523159,126.7074861
JDQ4MTYyMiM1MSMkMSMkMCMkODkkMzgxMzUxIzExIyQyIyQzIyQwMCQzNjE4MzIjNjEjJDEjJDgjJDgz,의료법인명지의료재단명지병원,11,종합병원,11,의료법인,310000,경기,311901,고양덕양구,,10475,"경기도 고양시 덕양구 화수로14번길 55, (화정동)",031-810-5114,,19830328,38,423,58,0,3,6,13,26,13,1,20,10,0,37.6426515,126.8300043
JDQ4MTYyMiM1MSMkMSMkMCMkODkkMzgxMzUxIzExIyQxIyQzIyQ4MiQyNjEyMjIjNzEjJDEjJDgjJDgz,한림대학교성심병원,1,상급종합,4,학교법인,310000,경기,310702,안양동안구,,14068,"경기도 안양시 동안구 관평로170번길 22, (평촌동)",031-380-1500,,19981217,18,716,69,0,12,6,18,44,15,1,19,7,2,37.3915131,126.9618234
JDQ4MTg4MSM1MSMkMSMkMCMkODkkMzgxMzUxIzExIyQxIyQzIyQ3OSQzNjE4MzIjODEjJDEjJDYjJDgz,서울대학교병원,1,상급종합,3,공립,110000,서울,110016,종로구,,3080,"서울특별시 종로구 대학로 101, (연건동)",1588-5700,,19810709,121,1395,106,24,40,3,44,48,16,2,39,7,22,37.5788356,127.0010432
JDQ4MTYyMiM1MSMkMSMkOCMkODkkMzgxMzUxIzExIyQxIyQzIyQ4OSQyNjEwMDIjNDEjJDEjJDQjJDgz,의료법인 자산의료재단 제천서울병원,11,종합병원,11,의료법인,330000,충북,330300,제천시,,27170,"충청북도 제천시 숭문로 57-0, 서울병원",043-642-7606,,19900511,32,199,13,0,0,0,3,20,24,0,0,0,0,37.1385539,128.2070016
JDQ4MTYyMiM3MSMkMSMkMCMkODkkMzgxMzUxIzExIyQxIyQzIyQ3OSQyNjEyMjIjNDEjJDEjJDgjJDgz,조선대학교병원,1,상급종합,4,학교법인,240000,광주,240001,광주동구,,61453,"광주광역시 동구 필문대로 365,  (학동)",062-220-3321,,19830415,25,688,78,0,20,3,15,32,11,0,20,9,3,35.1390364,126.9256982
JDQ4MTYyMiM1MSMkMSMkMCMkODkkMzgxMzUxIzExIyQyIyQ3IyQwMCQyNjEwMDIjNTEjJDEjJDYjJDgz,의료법인 남촌의료재단 시화병원,11,종합병원,11,의료법인,310000,경기,311700,시흥시,,15034,"경기도 시흥시 군자천로 381, 시화병원 (정왕동)",1811-7000,,19980409,35,426,33,0,0,0,7,27,38,0,0,1,0,37.3500264,126.7368961
JDQ4MTYyMiM1MSMkMSMkMCMkODkkMzgxMzUxIzExIyQxIyQzIyQ3MiQ0NjEwMDIjNzEjJDEjJDgjJDgz,효산의료재단 안양샘병원,11,종합병원,11,의료법인,310000,경기,310701,안양만안구,,14030,"경기도 안양시 만안구 삼덕로 9, (안양동, 안양샘병원)",031-467-9717,,19770218,19,286,18,0,0,1,6,20,11,0,0,1,0,37.3934995,126.9245371
JDQ4MTYyMiM1MSMkMSMkMCMkODkkMzgxMzUxIzExIyQxIyQzIyQ3OSQyNjE4MzIjNDEjJDEjJDgjJDgz,가톨릭대학교인천성모병원,1,상급종합,4,학교법인,220000,인천,220003,인천부평구,부평동,21431,"인천광역시 부평구 동수로 56, (부평동)",032-1544-9004,,19810806,20,696,62,0,11,1,17,33,26,0,0,9,0,37.4845757,126.7249647
JDQ4MTYyMiM1MSMkMSMkMCMkODkkMzgxMzUxIzExIyQxIyQzIyQ2MiQzNjE4MzIjNTEjJDEjJDYjJDgz,아주대학교병원,1,상급종합,4,학교법인,310000,경기,310604,수원영통구,,16499,"경기도 수원시 영통구 월드컵로 164, (원천동)",031-219-5114,,19940425,51,919,124,0,36,2,32,47,10,0,20,9,2,37.2800775,127.0482628
JDQ4MTYyMiM1MSMkMSMkMCMkODkkMzgxMzUxIzExIyQxIyQzIyQ5MiQyNjEwMDIjNjEjJDEjJDgjJDgz,강남병원,11,종합병원,12,개인,310000,경기,312001,용인기흥구,,17064,"경기도 용인시 기흥구 중부대로 411, 강남병원 (신갈동)",031-300-0114,,20000701,18,178,32,0,0,0,5,22,17,0,0,0,0,37.2735355,127.1113393
JDQ4MTg4MSM1MSMkMSMkMCMkODkkMzgxMzUxIzExIyQyIyQ3IyQwMCQyNjEyMjIjNjEjJDEjJDgjJDgz,서울특별시서울의료원,11,종합병원,3,공립,110000,서울,110019,중랑구,,2053,"서울특별시 중랑구 신내로 156, (신내동)",02-2276-7000,,20110309,28,541,38,0,3,15,10,27,19,0,30,15,0,37.6129812,127.0979689
JDQ4MTYyMiM1MSMkMSMkMCMkODkkMzgxMzUxIzExIyQxIyQzIyQ3MiQyNjEwMDIjNDEjJDEjJDgjJDgz,차의과학대학교분당차병원,11,종합병원,11,의료법인,310000,경기,310403,성남분당구,,13496,"경기도 성남시 분당구 야탑로 59, (야탑동)",031-780-5000,,19950324,98,665,54,0,35,8,25,40,18,0,22,0,7,37.4102496,127.1252498
JDQ4MTYyMiM1MSMkMSMkMCMkODkkMzgxMzUxIzExIyQxIyQzIyQ3OSQyNjEyMjIjNTEjJDEjJDYjJDgz,인천기독병원,11,종합병원,4,학교법인,220000,인천,220004,인천중구,,0,"인천광역시 중구 답동로30번길 10- , (율목동)",032-270-8000,,19840530,4,196,10,0,0,0,4,10,17,0,0,6,0,37.4711982,126.6319369
JDQ4MTYyMiM1MSMkMSMkMCMkODkkMzgxMzUxIzExIyQxIyQzIyQ4OSQ0NjEwMDIjODEjJDEjJDIjJDgz,인산의료재단 메트로병원,11,종합병원,11,의료법인,310000,경기,310701,안양만안구,,14096,"경기도 안양시 만안구 명학로33번길 8, (안양동, 메트로병원)",031-467-9000,,19830525,6,172,10,0,0,0,1,4,6,0,0,4,0,37.3782706,126.9355276
JDQ4MTYyMiM1MSMkMSMkMCMkODkkMzgxMzUxIzExIyQxIyQzIyQ4OSQyNjEyMjIjNDEjJDEjJDgjJDgz,부천세종병원,11,종합병원,11,의료법인,310000,경기,310300,부천시,,14754,"경기도 부천시 호현로489번길 28, (소사본동, 세종병원)",1599-6677,,19820820,9,263,24,0,0,1,6,20,18,0,0,4,0,37.4811218,126.791382
JDQ4MTYyMiM1MSMkMSMkMCMkODkkMzgxMzUxIzExIyQxIyQzIyQ3OSQzNjE4MzIjNjEjJDEjJDAjJDgz,성남중앙병원,11,종합병원,7,사회복지법인,310000,경기,310402,성남중원구,,13161,"경기도 성남시 중원구 산성대로476번길 12, (금광동)",031-743-3000,,19811119,7,188,0,0,0,1,4,10,8,0,0,5,0,37.4528063,127.1620752
JDQ4MTYyMiM1MSMkMSMkMCMkODkkMzgxMzUxIzExIyQxIyQzIyQ5OSQyNjEwMDIjNDEjJDEjJDQjJDgz,가톨릭대학교부천성모병원,11,종합병원,4,학교법인,310000,경기,310300,부천시,,14647,"경기도 부천시 소사로 327, 가톨릭대학교 부천성모병원 (소사동)",032-1577-0675,,19831108,31,553,49,0,9,7,14,37,9,0,0,4,0,37.4870307,126.7923894
JDQ4MTYyMiM1MSMkMSMkMCMkODkkMzgxMzUxIzExIyQxIyQzIyQ5OSQyNjEyMjIjODEjJDEjJDIjJDgz,광명성애병원,11,종합병원,11,의료법인,310000,경기,310100,광명시,,14241,"경기도 광명시 디지털로 36, 광명성애병원 (철산동)",02-2680-7114,,19831209,28,224,12,0,4,3,5,20,16,0,0,0,0,37.473461,126.871844
JDQ4MTYyMiM1MSMkMSMkOCMkODkkMzgxMzUxIzExIyQxIyQzIyQ4OSQyNjEyMjIjODEjJDEjJDIjJDgz,충북대학교병원,1,상급종합,3,공립,330000,충북,330104,청주서원구,,28644,"충청북도 청주시 서원구 1순환로 776-0, 충북대학교병원",043-269-6114,,19910531,36,608,62,0,25,2,18,49,22,1,18,48,4,36.6237995,127.4615472
JDQ4MTYyMiM4MSMkMSMkNCMkODkkMzgxMzUxIzExIyQxIyQzIyQ4MiQzNjEyMjIjNjEjJDEjJDQjJDgz,한일병원,11,종합병원,12,개인,380000,경남,380500,진주시,,52818,"경상남도 진주시 범골로 17, 지1,1~5,7층 (충무공동)",055-759-7777,,19930212,3,265,7,0,0,0,4,20,18,0,0,1,0,35.1667316,128.1286371
JDQ4MTYyMiM1MSMkMSMkMCMkODkkMzgxMzUxIzExIyQyIyQzIyQwMCQyNjEyMjIjNjEjJDEjJDQjJDgz,경기도의료원파주병원,11,종합병원,3,공립,310000,경기,312200,파주시,,10922,"경기도 파주시 중앙로 207, 경기도립의료원파주병원 (금촌동)",940-9100,,20070816,7,154,8,0,0,1,3,20,17,0,0,31,0,37.7548246,126.7797228
JDQ4MTYyMiM1MSMkMSMkNCMkODkkMzgxMzUxIzExIyQxIyQzIyQ5OSQyNjEyMjIjNDEjJDEjJDgjJDgz,근로복지공단 태백병원,11,종합병원,3,공립,320000,강원,320600,태백시,장성동,26052,"강원특별자치도 태백시 보드미길 12, (장성동)",033-580-3114,,19770501,5,232,10,0,0,1,2,10,20,0,0,0,0,37.103129,129.0056956
JDQ4MTYyMiM3MSMkMSMkMCMkODkkMzgxMzUxIzExIyQxIyQzIyQ3MiQyNjEyMjIjODEjJDEjJDIjJDgz,신가병원,11,종합병원,12,개인,240000,광주,240004,광주광산구,,62316,"광주광역시 광산구 목련로 316,  (신가동)",062-610-8100,,20030113,8,195,0,0,0,0,3,10,26,0,0,0,0,35.1774583,126.8296247
JDQ4MTYyMiM2MSMkMSMkMiMkODkkMzgxMzUxIzExIyQxIyQzIyQ2MiQyNjEwMDIjNjEjJDEjJDQjJDgz,세종충남대학교병원,11,종합병원,5,특수법인,410000,세종시,410000,세종시,,30099,"세종특별자치시 보듬7로 20, 세종충남대학교병원 (도담동)",1800-3114,,20200623,33,362,24,0,10,3,11,28,15,0,0,5,2,36.5195969,127.2581135
JDQ4MTYyMiM4MSMkMSMkNCMkODkkMzgxMzUxIzExIyQxIyQzIyQ2MiQyNjE4MzIjNjEjJDEjJDgjJDgz,연세에스병원,11,종합병원,12,개인,380000,경남,380703,창원진해구,,51659,"경상남도 창원시 진해구 해원로32번길 13, (이동)",055-548-7700,,20031205,12,252,10,0,0,0,3,10,38,0,0,0,0,35.1547105,128.6983317
JDQ4MTAxMiM1MSMkMSMkMCMkODkkMzgxMzUxIzExIyQxIyQzIyQ3MiQzNjE0ODEjNTEjJDEjJDYjJDgz,좋은문화병원,11,종합병원,12,개인,210000,부산,210002,부산동구,,48735,"부산광역시 동구 범일로 119, (범일동)",051-644-2002,,19861101,54,216,8,0,12,8,8,12,27,0,0,2,0,35.1408913,129.05906
JDQ4MTg4MSM1MSMkMSMkMCMkODkkMzgxMzUxIzExIyQxIyQzIyQ5OSQzNjEwMDIjNzEjJDEjJDgjJDgz,한림대학교 한강성심병원,11,종합병원,4,학교법인,110000,서울,110013,영등포구,,7247,"서울특별시 영등포구 버드나루로7길 12, (영등포동7가, 한강성심병원)",02-2639-5114,,19820419,2,124,11,0,0,0,4,7,14,0,0,3,0,37.523134,126.9096815
JDQ4MTYyMiM1MSMkMSMkMCMkODkkMzgxMzUxIzExIyQxIyQzIyQ3OSQzNjEwMDIjODEjJDEjJDIjJDgz,가톨릭대학교 성빈센트병원,11,종합병원,4,학교법인,310000,경기,310603,수원팔달구,,16247,"경기도 수원시 팔달구 중부대로 93, (지동)",031-1577-8588,,19670523,40,680,73,0,18,5,20,37,13,0,36,6,4,37.2779747,127.0275627
JDQ4MTYyMiM1MSMkMSMkMCMkODkkMzgxMzUxIzExIyQxIyQzIyQ4OSQ0NjE0ODEjNDEjJDEjJDQjJDgz,의료법인 녹산의료재단동수원병원,11,종합병원,11,의료법인,310000,경기,310603,수원팔달구,,16494,"경기도 수원시 팔달구 중부대로 165, (우만동)",031-210-0114,,19830518,20,319,23,0,0,2,5,20,14,0,0,1,0,37.2786501,127.0338866
JDQ4MTYyMiM1MSMkMSMkMCMkODkkMzgxMzUxIzExIyQxIyQ3IyQ4OSQyNjEyMjIjNzEjJDEjJDgjJDgz,효산의료재단 지샘병원,11,종합병원,11,의료법인,310000,경기,311400,군포시,,15839,"경기도 군포시 군포로 591, (당동, (G샘병원)군포샘병원)",031-389-3000,,20130612,16,351,19,0,0,1,5,21,11,0,0,2,0,37.3586825,126.9473464
JDQ4MTg4MSM1MSMkMSMkMCMkODkkMzgxMzUxIzExIyQyIyQ3IyQwMCQzNjE4MzIjNzEjJDEjJDgjJDgz,서울특별시서남병원,11,종합병원,3,공립,110000,서울,110020,양천구,,8049,"서울특별시 양천구 신정이펜1로 20, (신정동)",1566-6688,,20110328,7,223,16,0,0,0,5,10,14,0,0,4,0,37.5118952,126.8331574
JDQ4MTYyMiM1MSMkMSMkMCMkODkkMzgxMzUxIzExIyQxIyQzIyQwMyQ0NjEwMDIjODEjJDEjJDYjJDgz,대아의료재단한도병원,11,종합병원,11,의료법인,310000,경기,311101,안산단원구,,15367,"경기도 안산시 단원구 선부광장로 103, (선부동)",031-8040-1114,,20061013,2,252,30,0,0,0,5,20,42,0,0,0,0,37.3340423,126.8076183
JDQ4MTYyMiM1MSMkMSMkMCMkODkkMzgxMzUxIzExIyQxIyQ3IyQ2MiQzNjEwMDIjNTEjJDEjJDYjJDgz,메디인병원,11,종합병원,12,개인,310000,경기,312200,파주시,,10913,"경기도 파주시 금릉역로 190, (금촌동)",031-943-1191,,20220329,14,192,11,0,0,0,4,14,18,0,0,2,0,37.7614679,126.7674172
JDQ4MTYyMiM4MSMkMSMkNCMkODkkMzgxMzUxIzExIyQxIyQzIyQ4OSQyNjEwMDIjODEjJDEjJDIjJDgz,재단법인대구포교성베네딕도수녀회창원파티마병원,11,종합병원,9,재단법인,380000,경남,380704,창원의창구,명서동,51394,"경상남도 창원시 의창구 창이대로 45, (명서동)",055-270-1000,,19830202,35,401,26,0,2,7,7,25,28,0,0,2,0,35.2481739,128.6439587
JDQ4MTYyMiM4MSMkMSMkNCMkODkkMzgxMzUxIzExIyQxIyQzIyQ4MiQzNjE4MzIjNTEjJDEjJDYjJDgz,의료법인숭인의료재단 김해복음병원,11,종합병원,11,의료법인,380000,경남,380100,김해시,,50923,"경상남도 김해시 활천로 33, (삼정동)",055-330-8888,,20051129,14,275,10,0,0,0,5,14,10,0,0,0,0,35.2306135,128.893201
JDQ4MTYyMiM4MSMkMSMkNCMkODkkMzgxMzUxIzExIyQxIyQzIyQ3OSQyNjEyMjIjODEjJDEjJDYjJDgz,경상남도마산의료원,11,종합병원,3,공립,380000,경남,380702,창원마산합포구,,51736,"경상남도 창원시 마산합포구 3·15대로 231, (중앙동3가)",055-249-1000,,19840223,5,258,8,0,0,1,5,15,18,0,0,27,0,35.1984721,128.5680406
JDQ4MTYyMiM4MSMkMSMkNCMkODkkMzgxMzUxIzExIyQxIyQzIyQ2MiQ0NjEwMDIjNjEjJDEjJDQjJDgz,의료법인환명의료재단 조은금강병원,11,종합병원,11,의료법인,380000,경남,380100,김해시,,50880,"경상남도 김해시 김해대로 1814-37, (삼계동)",055-330-0300,,20070110,14,160,18,0,0,0,5,10,34,0,96,0,0,35.2622829,128.860814
JDQ4MTYyMiM3MSMkMSMkMCMkODkkMzgxMzUxIzExIyQxIyQ3IyQ3OSQyNjE4MzIjNjEjJDEjJDgjJDgz,의료법인현경의료재단 광양서울병원,11,종합병원,11,의료법인,360000,전남,360700,광양시,,57773,"전라남도 광양시 진등길 93,  (마동)",061-795-9931,,20121206,16,194,0,0,0,0,3,10,25,0,0,0,0,34.9572457,127.6913858
JDQ4MTYyMiM1MSMkMSMkMCMkODkkMzgxMzUxIzExIyQxIyQ3IyQ2MiQyNjEyMjIjODEjJDEjJDYjJDgz,인천힘찬종합병원,11,종합병원,11,의료법인,220000,인천,220006,인천남동구,,21655,"인천광역시 남동구 논현로 72-0, 인천힘찬종합병원",032-1899-2220,,20210216,12,227,6,0,0,0,7,20,36,0,0,0,0,37.4011296,126.7148166
JDQ4MTYyMiM2MSMkMSMkMiMkODkkMzgxMzUxIzExIyQxIyQzIyQ4OSQ0NjE0ODEjNDEjJDEjJDgjJDgz,서산중앙병원,11,종합병원,12,개인,340000,충남,340600,서산시,,0,"충청남도 서산시 수석산업로 5- ,  (수석동)",041-661-1000,,20060303,15,273,11,0,0,0,4,13,24,0,0,0,0,36.7817712,126.5035057
JDQ4MTYyMiM3MSMkMSMkMCMkODkkMzgxMzUxIzExIyQxIyQzIyQ5OSQyNjEyMjIjNjEjJDEjJDgjJDgz,목포시의료원,11,종합병원,3,공립,360000,전남,360300,목포시,,58701,"전라남도 목포시 이로로 18,  (용해동)",061-260-6500,,19921201,0,259,0,0,0,0,3,10,17,0,40,0,0,34.8039792,126.4053657
JDQ4MTYyMiM3MSMkMSMkMCMkODkkMzgxMzUxIzExIyQxIyQ3IyQ3OSQyNjEwMDIjNDEjJDEjJDQjJDgz,광주희망병원,11,종합병원,12,개인,240000,광주,240002,광주북구,,61019,"광주광역시 북구 하서로 429,  (용두동)",062-608-6000,,20070323,16,166,0,0,0,0,3,10,25,0,0,0,0,35.2167409,126.8728156
JDQ4MTYyMiM3MSMkMSMkMCMkODkkMzgxMzUxIzExIyQxIyQ3IyQ3OSQyNjEyMjIjODEjJDEjJDIjJDgz,여천전남병원,11,종합병원,12,개인,360000,전남,360500,여수시,,59641,"전라남도 여수시 무선로 95,  (선원동)",061-690-6000,,19991210,29,256,14,0,0,2,5,20,22,0,0,0,0,34.769622,127.6540326
JDQ4MTYyMiM1MSMkMSMkMCMkODkkMzgxMzUxIzExIyQxIyQzIyQ3OSQyNjEwMDIjNjEjJDEjJDQjJDgz,인천광역시의료원,11,종합병원,3,공립,220000,인천,220002,인천동구,,22532,"인천광역시 동구 방축로 217, 217",032-580-6000,,19850629,8,173,17,0,0,1,6,17,14,0,36,69,0,37.4786244,126.6686092
JDQ4MTYyMiM4MSMkMSMkOCMkODkkMzgxMzUxIzExIyQxIyQzIyQ3OSQ0NjEwMDIjNDEjJDEjJDQjJDgz,제주특별자치도 서귀포의료원,11,종합병원,3,공립,390000,제주,390100,서귀포시,,63585,"제주특별자치도 서귀포시 장수로 47, (동홍동)",064-730-3000,,19940319,20,239,16,0,0,1,4,25,16,0,0,3,0,33.255901,126.5638202
JDQ4MTYyMiM2MSMkMSMkMiMkODkkMzgxMzUxIzExIyQxIyQzIyQ5OSQzNjE0ODEjNjEjJDEjJDQjJDgz,학교법인 건양교육재단 건양대학교병원,11,종합병원,4,학교법인,250000,대전,250003,대전서구,관저동,35365,"대전광역시 서구 관저동로 158, (관저동)",042-600-9999,,19991120,104,537,61,0,24,1,22,38,39,2,18,1,0,36.3069266,127.3431559
JDQ4MTYyMiM2MSMkMSMkMiMkODkkMzgxMzUxIzExIyQxIyQzIyQ4OSQ0NjEwMDIjODEjJDEjJDYjJDgz,단국대학교의과대학부속병원,1,상급종합,4,학교법인,340000,충남,340202,천안동남구,,31116,"충청남도 천안시 동남구 망향로 201,  (안서동)",041-1588-0063,,19940425,58,788,67,0,25,3,15,34,15,0,16,15,0,36.8319085,127.1712099
JDQ4MTYyMiM2MSMkMSMkMiMkODkkMzgxMzUxIzExIyQxIyQzIyQ5OSQyNjE4MzIjNzEjJDEjJDgjJDgz,대전보훈병원,11,종합병원,5,특수법인,250000,대전,250002,대전대덕구,,34314,"대전광역시 대덕구 대청로82번길 147, 147",042-939-0111,,19971031,7,352,19,0,0,8,5,9,58,0,0,9,0,36.4471368,127.4396862
JDQ4MTYyMiM2MSMkMSMkMiMkODkkMzgxMzUxIzExIyQxIyQzIyQ2MiQyNjEyMjIjNTEjJDEjJDYjJDgz,대전한국병원,11,종합병원,12,개인,250000,대전,250004,대전동구,,34572,"대전광역시 동구 동서대로 1672,  (성남동)",042-606-1000,,20040316,9,199,12,0,0,4,4,10,16,0,0,0,0,36.3483171,127.4357544
JDQ4MTYyMiM2MSMkMSMkMiMkODkkMzgxMzUxIzExIyQxIyQzIyQ3OSQzNjEyMjIjNzEjJDEjJDgjJDgz,의료법인 백제병원,11,종합병원,11,의료법인,340000,충남,340700,논산시,,32980,"충청남도 논산시 시민로294번길 14,  (취암동)",041-733-2191,,19820504,25,329,29,0,0,0,4,23,33,0,106,2,0,36.192404,127.0943878
JDQ4MTYyMiM2MSMkMSMkMiMkODkkMzgxMzUxIzExIyQxIyQzIyQ3OSQ0NjEwMDIjNDEjJDEjJDgjJDgz,의료법인 영훈의료재단 대전선병원,11,종합병원,11,의료법인,250000,대전,250005,대전중구,,34811,"대전광역시 중구 목중로 29, (목동)",042-220-8114,,19820630,19,297,17,0,0,2,7,21,16,0,0,2,0,36.3359973,127.4101482
JDQ4MTYyMiM2MSMkMSMkMiMkODkkMzgxMzUxIzExIyQxIyQzIyQ3OSQzNjE0ODEjNDEjJDEjJDgjJDgz,학교법인 을지학원 대전을지대학교병원,11,종합병원,4,학교법인,250000,대전,250003,대전서구,,35233,"대전광역시 서구 둔산서로 95, (둔산동)",042-611-3000,,19810305,70,509,64,0,20,16,17,33,16,2,19,6,0,36.3550668,127.3819877
JDQ4MTYyMiM2MSMkMSMkMiMkODkkMzgxMzUxIzExIyQxIyQzIyQ3OSQyNjE4MzIjNTEjJDEjJDIjJDgz,학교법인 가톨릭학원 가톨릭대학교 대전성모병원,11,종합병원,4,학교법인,250000,대전,250005,대전중구,,34943,"대전광역시 중구 대흥로 64, (대흥동)",042-220-9114,,19800515,36,574,36,0,4,7,12,22,14,0,0,4,0,36.3232247,127.4202437
JDQ4MTYyMiM2MSMkMSMkMiMkODkkMzgxMzUxIzExIyQxIyQzIyQ4OSQyNjE4MzIjNDEjJDEjJDQjJDgz,충청남도 공주의료원,11,종합병원,3,공립,340000,충남,340300,공주시,,32535,"충청남도 공주시 무령로 77,  (웅진동)",041-962-1111,,19830721,11,241,13,0,0,1,5,15,19,0,0,7,0,36.4634572,127.1135914
JDQ4MTYyMiM2MSMkMSMkMiMkODkkMzgxMzUxIzExIyQxIyQzIyQ4OSQyNjEyMjIjNDEjJDEjJDgjJDgz,충청남도 홍성의료원,11,종합병원,3,공립,340000,충남,340015,홍성군,,32232,"충청남도 홍성군 홍성읍 조양로 224, ()",041-630-6114,,19830726,20,256,25,0,0,2,4,22,28,0,88,3,0,36.5989567,126.6743638
JDQ4MTYyMiM1MSMkMSMkMCMkODkkMzgxMzUxIzExIyQyIyQ3IyQwMCQzNjEwMDIjNjEjJDEjJDgjJDgz,의료법인 원광의료재단 원광종합병원,11,종합병원,11,의료법인,310000,경기,312500,화성시,,18356,"경기도 화성시 화산북로 21, (송산동)",031-8077-7200,,20170612,8,184,9,0,0,0,4,10,18,0,0,0,0,37.2099074,127.0083179
JDQ4MTYyMiM1MSMkMSMkOCMkODkkMzgxMzUxIzExIyQxIyQzIyQ4OSQzNjEyMjIjNDEjJDEjJDgjJDgz,청주성모병원,11,종합병원,9,재단법인,330000,충북,330103,청주청원구,,28323,"충청북도 청주시 청원구 주성로 173-19, 청주성모병원",043-219-8000,,19980221,48,305,24,0,0,1,8,22,13,0,0,9,0,36.673692,127.485652
JDQ4MTYyMiM1MSMkMSMkOCMkODkkMzgxMzUxIzExIyQxIyQzIyQ4OSQzNjE0ODEjNjEjJDEjJDAjJDgz,의료법인 인화재단 한국병원,11,종합병원,11,의료법인,330000,충북,330101,청주상당구,,28713,"충청북도 청주시 상당구 단재로 106, (영운동)",043-222-7000,,19940411,20,371,21,0,0,2,6,20,30,0,0,11,0,36.6175057,127.4992394
JDQ4MTYyMiM1MSMkMSMkMCMkODkkMzgxMzUxIzExIyQxIyQzIyQ3MiQyNjE4MzIjODEjJDEjJDIjJDgz,한양대학교구리병원,11,종합병원,4,학교법인,310000,경기,311000,구리시,,11923,"경기도 구리시 경춘로 153, (교문동)",1644-9118,,19950603,14,473,31,0,10,5,9,24,6,0,0,3,0,37.6012007,127.132449
JDQ4MTYyMiM1MSMkMSMkMCMkODkkMzgxMzUxIzExIyQxIyQzIyQ4OSQzNjE4MzIjNDEjJDEjJDgjJDgz,부평세림병원,11,종합병원,11,의료법인,220000,인천,220003,인천부평구,,21364,"인천광역시 부평구 부평대로 175,  (청천동)",032-524-0591,,19830511,7,230,15,0,0,1,4,20,25,0,0,2,0,37.506795,126.7196831
JDQ4MTYyMiM4MSMkMSMkNCMkODkkMzgxMzUxIzExIyQyIyQzIyQwMCQ0NjEwMDIjODEjJDEjJDIjJDgz,의료법인합포의료재단에스엠지연세병원,11,종합병원,11,의료법인,380000,경남,380702,창원마산합포구,,51740,"경상남도 창원시 마산합포구 3·15대로 76, (월남동2가, 합포의료재단)",055-243-0100,,20020601,17,252,10,0,0,0,4,12,35,0,0,0,0,35.1860619,128.5620242
JDQ4MTYyMiM4MSMkMSMkNCMkODkkMzgxMzUxIzExIyQxIyQzIyQ2MiQyNjE0ODEjNDEjJDEjJDgjJDgz,의료법인청아의료재단청아병원,11,종합병원,11,의료법인,380000,경남,380701,창원마산회원구,,51230,"경상남도 창원시 마산회원구 내서읍 광려천서로 67, (청아병원)",055-230-1500,,20020703,1,278,0,0,0,0,3,10,33,0,0,0,0,35.2477999,128.5094449
JDQ4MTYyMiM4MSMkMSMkNCMkODkkMzgxMzUxIzExIyQxIyQzIyQ3OSQ0NjE0ODEjODEjJDEjJDIjJDgz,의료법인 동강의료재단 동강병원,11,종합병원,11,의료법인,260000,울산,260003,울산중구,,44455,"울산광역시 중구 태화로 239, (태화동)",052-241-1114,,19810622,20,506,37,0,0,1,7,28,25,0,0,6,0,35.5534082,129.3019431
JDQ4MTYyMiM3MSMkMSMkMCMkODkkMzgxMzUxIzExIyQxIyQzIyQwMyQ0NjEwMDIjNzEjJDEjJDgjJDgz,광주수완병원,11,종합병원,12,개인,240000,광주,240004,광주광산구,,62247,"광주광역시 광산구 임방울대로 370,  (수완동)",062-958-1111,,20110103,14,163,0,0,0,0,3,10,22,0,0,0,0,35.2056304,126.8256471
JDQ4MTYyMiM1MSMkMSMkMCMkODkkMzgxMzUxIzExIyQxIyQzIyQ4MiQyNjEwMDIjODEjJDEjJDYjJDgz,의료법인 인천사랑병원,11,종합병원,11,의료법인,220000,인천,220001,인천미추홀구,,22135,"인천광역시 미추홀구 미추홀대로 726-0, 인천사랑병원",032-457-2000,,19981125,8,253,16,0,0,1,6,21,29,0,0,0,0,37.4622244,126.6806211
JDQ4MTYyMiM2MSMkMSMkNiMkODkkMzgxMzUxIzExIyQxIyQzIyQ5OSQ0NjE0ODEjNDEjJDEjJDgjJDgz,대자인병원,11,종합병원,12,개인,350000,전북,350402,전주덕진구,,54910,"전라북도 전주시 덕진구 견훤로 390, (우아동3가)",063-240-2000,,20160107,1,487,52,0,0,1,6,21,11,0,0,3,0,35.8459449,127.1534117
JDQ4MTYyMiM2MSMkMSMkNiMkODkkMzgxMzUxIzExIyQxIyQzIyQ3OSQyNjEyMjIjODEjJDEjJDIjJDgz,재단법인예수병원유지재단예수병원,11,종합병원,9,재단법인,350000,전북,350401,전주완산구,,54987,"전라북도 전주시 완산구 서원로 365, (중화산동1가, 예수병원)",063-230-8114,,19740509,67,616,43,0,12,4,14,53,9,0,0,17,0,35.8141942,127.1333077
JDQ4MTYyMiM2MSMkMSMkNiMkODkkMzgxMzUxIzExIyQxIyQzIyQ3OSQzNjEyMjIjNDEjJDEjJDgjJDgz,원광대학교병원,1,상급종합,4,학교법인,350000,전북,350300,익산시,,54538,"전라북도 익산시 무왕로 895, (신동)",063-859-1114,,19811027,32,627,78,0,15,6,17,38,8,0,30,9,2,35.9678372,126.9580954
JDQ4MTYyMiM2MSMkMSMkNiMkODkkMzgxMzUxIzExIyQxIyQzIyQ3OSQ0NjE0ODEjNzEjJDEjJDgjJDgz,전라북도 남원의료원,11,종합병원,3,공립,350000,전북,350200,남원시,,55726,"전라북도 남원시 충정로 365, (고죽동)",063-620-1114,,19831027,21,169,10,0,0,3,3,20,30,0,0,0,0,35.4383833,127.4057713
JDQ4MTYyMiM2MSMkMSMkNiMkODkkMzgxMzUxIzExIyQxIyQzIyQ3OSQyNjE4MzIjNjEjJDEjJDgjJDgz,재단법인 아산사회복지재단 정읍아산병원,11,종합병원,9,재단법인,350000,전북,350500,정읍시,,56153,"전라북도 정읍시 충정로 606-22, (용계동)",063-530-6000,,19780626,1,256,10,0,0,0,3,20,12,0,0,0,0,35.5947875,126.8111249
JDQ4MTYyMiM4MSMkMSMkNCMkODkkMzgxMzUxIzExIyQxIyQzIyQ5OSQyNjE0ODEjNzEjJDEjJDgjJDgz,진주고려병원,11,종합병원,12,개인,380000,경남,380500,진주시,,52726,"경상남도 진주시 동진로 2, (칠암동, 진주고려병원)",055-751-2500,,19841114,12,199,6,0,0,0,3,11,21,0,0,0,0,35.1785277,128.0920756
JDQ4MTYyMiM4MSMkMSMkNCMkODkkMzgxMzUxIzExIyQxIyQzIyQ3MiQ0NjEwMDIjNTEjJDEjJDIjJDgz,의료법인 송은의료재단 울산시티병원,11,종합병원,11,의료법인,260000,울산,260004,울산북구,,44238,"울산광역시 북구 산업로 1007, (연암동)",052-280-9000,,20140804,23,262,14,0,0,0,8,17,47,0,0,0,0,35.5813267,129.3625526
JDQ4MTYyMiM4MSMkMSMkMCMkODkkMzgxMzUxIzExIyQxIyQzIyQ2MiQzNjEwMDIjODEjJDEjJDYjJDgz,의료법인삼백의료재단상주성모병원,11,종합병원,11,의료법인,370000,경북,370900,상주시,,37179,"경상북도 상주시 냉림서성길 7,  (냉림동)",054-532-5001,,19800318,6,185,10,0,0,1,3,10,20,0,0,3,0,36.4202817,128.1597646
JDQ4MTYyMiM4MSMkMSMkMCMkODkkMzgxMzUxIzExIyQxIyQzIyQ2MiQ0NjEwMDIjNDEjJDEjJDgjJDgz,(재)미리내천주성삼성직수도회천주성삼병원,11,종합병원,9,재단법인,230000,대구,230005,대구수성구,,42274,"대구광역시 수성구 달구벌대로 3190, (신매동, 천주성삼병원)",053-790-1000,,20030124,9,255,0,0,0,0,4,11,15,0,0,0,0,35.8402373,128.7057218
JDQ4MTYyMiM4MSMkMSMkMCMkODkkMzgxMzUxIzExIyQyIyQzIyQwMCQzNjE4MzIjODEjJDEjJDIjJDgz,대구가톨릭대학교 칠곡가톨릭병원,11,종합병원,4,학교법인,230000,대구,230003,대구북구,,41438,"대구광역시 북구 칠곡중앙대로 440, (읍내동)",053-320-2500,,20020121,6,151,0,0,0,0,3,10,10,0,0,2,0,35.9349005,128.5492886
JDQ4MTYyMiM3MSMkMSMkMCMkODkkMzgxMzUxIzExIyQxIyQzIyQ5MiQyNjE4MzIjNDEjJDEjJDgjJDgz,서광병원,11,종합병원,12,개인,240000,광주,240003,광주서구,,62007,"광주광역시 서구 금화로59번길 6,  (금호동)",062-600-8000,,20100404,14,112,12,0,0,0,2,21,5,0,0,2,0,35.1325865,126.8557181
JDQ4MTYyMiM4MSMkMSMkMCMkODkkMzgxMzUxIzExIyQxIyQzIyQ2MiQ0NjE0ODEjNTEjJDEjJDYjJDgz,의료법인 근원의료재단 경산중앙병원,11,종합병원,11,의료법인,370000,경북,371000,경산시,,38646,"경상북도 경산시 경안로 11,  (백천동)",053-715-0100,,20110225,15,235,20,0,0,0,4,12,32,0,150,0,0,35.8083614,128.7422388
JDQ4MTYyMiM4MSMkMSMkMCMkODkkMzgxMzUxIzExIyQxIyQzIyQ5OSQyNjEwMDIjNDEjJDEjJDgjJDgz,의료법인한성재단포항세명기독병원,11,종합병원,11,의료법인,370000,경북,370701,포항남구,,37816,"경상북도 포항시 남구 포스코대로 351,  (대도동)",054-275-0005,,19921221,2,696,48,0,0,1,14,24,40,0,0,4,0,36.0044562,129.3571122
JDQ4MTYyMiM4MSMkMSMkMCMkODkkMzgxMzUxIzExIyQxIyQzIyQ5OSQyNjE0ODEjNTEjJDEjJDYjJDgz,동국대학교의과대학경주병원,11,종합병원,4,학교법인,370000,경북,370100,경주시,,38067,"경상북도 경주시 동대로 87,  (석장동)",054-748-9300,,19910919,46,208,22,0,0,4,5,20,17,2,15,30,0,35.8582405,129.1950555
JDQ4MTYyMiM4MSMkMSMkMCMkODkkMzgxMzUxIzExIyQxIyQzIyQ4OSQyNjEyMjIjNTEjJDEjJDIjJDgz,의료법인안동병원,11,종합병원,11,의료법인,370000,경북,370400,안동시,,36743,"경상북도 안동시 앙실로 11,  (수상동)",054-840-1004,,19820520,67,857,76,0,10,4,13,23,27,0,34,2,0,36.5468232,128.7009704
JDQ4MTYyMiM4MSMkMSMkMCMkODkkMzgxMzUxIzExIyQxIyQzIyQ4OSQzNjE0ODEjODEjJDEjJDYjJDgz,영남대학교병원,1,상급종합,4,학교법인,230000,대구,230001,대구남구,,42415,"대구광역시 남구 현충로 170, (대명동)",053-623-8001,,19830314,80,768,79,0,12,1,23,40,10,2,20,7,4,35.8473403,128.5854342
JDQ4MTg4MSM1MSMkMSMkMCMkODkkMzgxMzUxIzExIyQxIyQzIyQ4OSQzNjE4MzIjNjEjJDEjJDgjJDgz,경찰병원,11,종합병원,1,국립,110000,서울,110018,송파구,,5715,"서울특별시 송파구 송이로 123, 국립경찰병원 (가락동)",02-3400-1114,,19710220,23,235,19,0,0,1,7,10,8,0,0,3,0,37.4960568,127.1234223
JDQ4MTYyMiM4MSMkMSMkMCMkODkkMzgxMzUxIzExIyQxIyQzIyQ3OSQyNjE4MzIjNTEjJDEjJDYjJDgz,대구파티마병원,11,종합병원,9,재단법인,230000,대구,230002,대구동구,,41199,"대구광역시 동구 아양로 99, (신암동)",053-1688-7770,,19620822,83,500,43,0,10,8,13,37,1,0,0,25,0,35.8842001,128.6240455
JDQ4MTYyMiM3MSMkMSMkMCMkODkkMzgxMzUxIzExIyQxIyQzIyQ2MiQ0NjE0ODEjNDEjJDEjJDQjJDgz,상무병원,11,종합병원,12,개인,240000,광주,240003,광주서구,,61948,"광주광역시 서구 상무자유로 181-7,  (치평동)",062-600-7000,,20000524,9,193,0,0,0,0,3,10,18,0,0,0,0,35.1527456,126.8538896
JDQ4MTYyMiM3MSMkMSMkMCMkODkkMzgxMzUxIzExIyQxIyQzIyQ2MiQ0NjEwMDIjODEjJDEjJDIjJDgz,화순전남대학교병원,1,상급종합,3,공립,360000,전남,360022,화순군,,58128,"전라남도 화순군 화순읍 서양로 322, ()",061-379-7114,,20040406,32,602,32,0,1,1,13,24,10,0,0,5,12,35.056264,127.0025403
JDQ4MTYyMiM3MSMkMSMkMCMkODkkMzgxMzUxIzExIyQxIyQzIyQ3MiQyNjEwMDIjNDEjJDEjJDQjJDgz,광주씨티병원,11,종합병원,12,개인,240000,광주,240005,광주남구,,61710,"광주광역시 남구 서문대로654번길 5,  (진월동)",062-460-7000,,20050501,8,167,0,0,0,0,4,11,15,0,0,0,0,35.1177269,126.8994334
JDQ4MTYyMiM4MSMkMSMkOCMkODkkMzgxMzUxIzExIyQxIyQzIyQ4OSQ0NjE0ODEjODEjJDEjJDYjJDgz,한마음병원,11,종합병원,12,개인,390000,제주,390200,제주시,,0,"제주특별자치도 제주시 연신로 52- , (이도이동)",064-750-9000,,19990913,28,188,12,0,0,2,4,20,26,0,0,0,0,33.496662,126.5463418
JDQ4MTYyMiM4MSMkMSMkNCMkODkkMzgxMzUxIzExIyQyIyQzIyQwMCQ0NjE0ODEjNDEjJDEjJDQjJDgz,의료법인석영의료재단창원제일종합병원,11,종합병원,11,의료법인,380000,경남,380702,창원마산합포구,,51732,"경상남도 창원시 마산합포구 3·15대로 238, (중앙동3가)",055-223-9000,,20020501,3,230,0,0,0,0,3,9,31,0,0,0,0,35.1984721,128.5680406
JDQ4MTYyMiM4MSMkMSMkNCMkODkkMzgxMzUxIzExIyQxIyQzIyQ3MiQ0NjE0ODEjNjEjJDEjJDAjJDgz,의료법인 은성의료재단 좋은삼정병원,11,종합병원,11,의료법인,260000,울산,260001,울산남구,,44629,"울산광역시 남구 북부순환도로 51, (무거동)",052-220-7500,,20140602,6,280,12,0,0,0,5,11,32,0,0,1,0,35.5528857,129.2689458
JDQ4MTYyMiM3MSMkMSMkMCMkODkkMzgxMzUxIzExIyQxIyQzIyQ5OSQyNjE4MzIjNjEjJDEjJDAjJDgz,의료법인영성의료재단 고흥종합병원,11,종합병원,11,의료법인,360000,전남,360002,고흥군,,59535,"전라남도 고흥군 고흥읍 고흥로 1935, ()",061-835-6000,,19930101,21,258,12,0,0,1,2,10,20,0,0,2,0,34.6210938,127.2940062
JDQ4MTYyMiM4MSMkMSMkNCMkODkkMzgxMzUxIzExIyQyIyQzIyQwMCQzNjE0ODEjNzEjJDEjJDgjJDgz,베데스다복음병원,11,종합병원,11,의료법인,380000,경남,381100,양산시,,50576,"경상남도 양산시 신기로 28, (신기동)",055-384-9901,,19960513,5,172,0,0,0,0,4,10,24,0,0,24,0,35.3531925,129.0435546
JDQ4MTYyMiM3MSMkMSMkMCMkODkkMzgxMzUxIzExIyQxIyQzIyQxMyQzNjE4MzIjODEjJDEjJDIjJDgz,전라남도 순천의료원,11,종합병원,3,공립,360000,전남,360400,순천시,,57940,"전라남도 순천시 서문성터길 2,  (매곡동)",061-759-9440,,19960517,9,166,7,0,0,0,1,10,31,0,80,16,0,34.9584096,127.4836361
JDQ4MTg4MSM1MSMkMSMkMCMkODkkMzgxMzUxIzExIyQxIyQzIyQxMyQ0NjE0ODEjNTEjJDEjJDIjJDgz,의료법인동신의료재단 동신병원,11,종합병원,11,의료법인,110000,서울,110010,서대문구,,3653,"서울특별시 서대문구 연희로 272, 동신병원 본관동 (홍은동)",02-396-9161,,19940622,4,185,9,0,0,0,3,10,18,0,0,7,0,37.5811559,126.9365265
JDQ4MTg4MSM1MSMkMSMkMCMkODkkMzgxMzUxIzExIyQxIyQ3IyQ5OSQzNjE0ODEjNjEjJDEjJDQjJDgz,씨엠병원,11,종합병원,12,개인,110000,서울,110013,영등포구,,7301,"서울특별시 영등포구 영등포로36길 13, (영등포동4가, 충무병원)",02-2678-0001,,19840302,8,102,0,0,0,0,4,10,22,0,0,0,0,37.518853,126.9041731
JDQ4MTYyMiM1MSMkMSMkMCMkODkkMzgxMzUxIzExIyQxIyQzIyQ4MiQyNjE4MzIjNjEjJDEjJDQjJDgz,의료법인 록향의료재단 신천연합병원,11,종합병원,11,의료법인,310000,경기,311700,시흥시,,14905,"경기도 시흥시 복지로 57, 복지로 61, 2층 (대야동)",031-310-6300,,19920509,8,123,7,0,0,0,3,11,12,0,0,2,0,37.4445452,126.7893846
JDQ4MTYyMiM4MSMkMSMkMCMkODkkMzgxMzUxIzExIyQxIyQzIyQ4OSQ0NjE0ODEjNDEjJDEjJDgjJDgz,대구의료원,11,종합병원,3,공립,230000,대구,230004,대구서구,,41845,"대구광역시 서구 평리로 157, (중리동)",053-560-7575,,19830228,28,217,19,0,0,1,4,20,28,8,81,83,0,35.8594336,128.5406504
JDQ4MTYyMiM4MSMkMSMkNCMkODkkMzgxMzUxIzExIyQxIyQzIyQ5OSQyNjEwMDIjNjEjJDEjJDQjJDgz,경상국립대학교병원,1,상급종합,3,공립,380000,경남,380500,진주시,,52727,"경상남도 진주시 강남로 79, (칠암동)",055-750-8000,,19861013,37,714,46,0,15,7,15,42,16,1,22,43,2,35.1828995,128.0933826
JDQ4MTYyMiM4MSMkMSMkNCMkODkkMzgxMzUxIzExIyQxIyQzIyQ5OSQyNjE4MzIjNDEjJDEjJDgjJDgz,학교법인 울산공업학원 울산대학교병원,1,상급종합,4,학교법인,260000,울산,260002,울산동구,,44033,"울산광역시 동구 대학병원로 25, 울산대학교병원 (전하동)",052-250-7000,,19870701,117,715,89,0,26,5,20,37,29,0,20,5,7,35.5199931,129.4289601
JDQ4MTYyMiM4MSMkMSMkNCMkODkkMzgxMzUxIzExIyQxIyQzIyQ4MiQyNjEyMjIjNTEjJDEjJDIjJDgz,의료법인 정안의료재단 중앙병원,11,종합병원,11,의료법인,260000,울산,260001,울산남구,,44667,"울산광역시 남구 문수로 472, 중앙병원 (신정동)",052-226-1100,,20150409,23,316,17,0,0,0,9,20,35,0,0,1,0,35.532084,129.3049987
JDQ4MTYyMiM4MSMkMSMkNCMkODkkMzgxMzUxIzExIyQxIyQzIyQ4MiQzNjEwMDIjNzEjJDEjJDgjJDgz,강일병원,11,종합병원,12,개인,380000,경남,380100,김해시,,50905,"경상남도 김해시 가락로 359, (구산동)",055-822-0100,,20170315,4,274,15,0,0,0,5,11,16,0,0,0,0,35.2562727,128.8699098
JDQ4MTYyMiM4MSMkMSMkNCMkODkkMzgxMzUxIzExIyQxIyQzIyQ4MiQyNjE4MzIjNDEjJDEjJDgjJDgz,창원경상국립대학교병원,11,종합병원,3,공립,380000,경남,380705,창원성산구,,51472,"경상남도 창원시 성산구 삼정자로 11, (성주동, 창원경상대학교병원)",055-214-2000,,20160115,47,501,32,0,17,9,14,28,13,2,20,29,0,35.1993004,128.7077653
JDQ4MTYyMiM4MSMkMSMkNCMkODkkMzgxMzUxIzExIyQxIyQzIyQ4MiQzNjE0ODEjODEjJDEjJDYjJDgz,의료법인 동강의료재단 동천동강병원,11,종합병원,11,의료법인,260000,울산,260003,울산중구,,44495,"울산광역시 중구 외솔큰길 215, (남외동, 동천동강병원)",052-702-3114,,20160531,3,234,6,0,0,0,5,8,32,0,0,0,0,35.568577,129.350513
JDQ4MTYyMiM4MSMkMSMkNCMkODkkMzgxMzUxIzExIyQyIyQzIyQwMCQyNjEyMjIjNDEjJDEjJDgjJDgz,울산병원,11,종합병원,11,의료법인,260000,울산,260001,울산남구,,44686,"울산광역시 남구 월평로171번길 13, (신정동)",052-259-5000,,19950821,14,243,12,0,0,0,4,21,30,0,0,0,0,35.546369,129.3227021
JDQ4MTAxMiM1MSMkMSMkMCMkODkkMzgxMzUxIzExIyQxIyQzIyQ3MiQ0NjE0ODEjNjEjJDEjJDgjJDgz,의료법인 은성의료재단 좋은강안병원,11,종합병원,11,의료법인,210000,부산,210014,부산수영구,,48265,"부산광역시 수영구 수영로 493, (남천동)",051-625-0900,,20050223,54,454,29,0,0,1,11,14,65,0,0,3,0,35.1501921,129.1105517
JDQ4MTYyMiM1MSMkMSMkMCMkODkkMzgxMzUxIzExIyQxIyQzIyQxMyQyNjE4MzIjNzEjJDEjJDgjJDgz,의료법인 은혜와감사의료재단 화성중앙종합병원,11,종합병원,11,의료법인,310000,경기,312500,화성시,,18592,"경기도 화성시 향남읍 발안로 5, ()",031-352-8114,,20041030,3,128,8,0,0,0,3,10,25,0,0,0,0,37.1313518,126.9108729
JDQ4MTYyMiM4MSMkMSMkNCMkODkkMzgxMzUxIzExIyQxIyQzIyQ4OSQzNjEwMDIjNDEjJDEjJDgjJDgz,서울산보람병원,11,종합병원,11,의료법인,260000,울산,260100,울산울주군,,44948,"울산광역시 울주군 삼남읍 중평로 53, 서울산보람병원",052-255-7114,,20070201,35,178,0,0,0,0,3,11,33,0,0,0,0,35.5596168,129.1205746
JDQ4MTAxMiM1MSMkMSMkMCMkODkkMzgxMzUxIzExIyQxIyQzIyQ3MiQzNjEwMDIjNDEjJDEjJDgjJDgz,비에이치에스한서병원,11,종합병원,11,의료법인,210000,부산,210014,부산수영구,,48253,"부산광역시 수영구 수영로 615, (광안동)",051-756-0081,,19871102,31,249,16,0,0,0,3,20,13,0,0,3,0,35.1608145,129.113196
JDQ4MTYyMiM3MSMkMSMkMCMkODkkMzgxMzUxIzExIyQxIyQzIyQ2MiQzNjE4MzIjNDEjJDEjJDgjJDgz,여수전남병원,11,종합병원,12,개인,360000,전남,360500,여수시,,59718,"전라남도 여수시 좌수영로 49,  (광무동)",061-640-7128,,19880702,12,258,11,0,0,1,4,11,16,0,0,2,0,34.7468482,127.7271777
JDQ4MTYyMiM4MSMkMSMkNCMkODkkMzgxMzUxIzExIyQxIyQzIyQ3MiQyNjE0ODEjODEjJDEjJDYjJDgz,양산부산대학교병원,1,상급종합,3,공립,380000,경남,381100,양산시,,50612,"경상남도 양산시 물금읍 금오로 20, ()",055-360-1000,,20081024,92,935,58,13,38,4,25,45,46,7,26,23,8,35.3251513,129.0068369
JDQ4MTYyMiM1MSMkMSMkMCMkODkkMzgxMzUxIzExIyQyIyQ3IyQwMCQzNjE0ODEjODEjJDEjJDIjJDgz,추병원,11,종합병원,12,개인,310000,경기,310800,의정부시,,11686,"경기도 의정부시 평화로 650, (의정부동)",031-845-7777,,19950403,4,213,15,0,0,1,3,14,16,0,0,0,0,37.7497515,127.0452671
JDQ4MTYyMiM3MSMkMSMkMCMkODkkMzgxMzUxIzExIyQxIyQzIyQ2MiQyNjE4MzIjODEjJDEjJDYjJDgz,목포한국병원,11,종합병원,12,개인,360000,전남,360300,목포시,,58643,"전라남도 목포시 영산로 483,  (상동)",061-270-5800,,19960510,20,486,68,0,0,2,9,24,38,0,0,3,0,34.8146269,126.4115892
JDQ4MTYyMiM1MSMkMSMkMCMkODkkMzgxMzUxIzExIyQxIyQ3IyQ5OSQ0NjE0ODEjNTEjJDEjJDYjJDgz,조은오산병원,11,종합병원,12,개인,310000,경기,311800,오산시,,18136,"경기도 오산시 오산로 307, (오산동)",1544-5355,,20160526,4,194,8,0,0,0,4,10,33,0,0,0,0,37.1541993,127.0681984
JDQ4MTYyMiM2MSMkMSMkNiMkODkkMzgxMzUxIzExIyQxIyQzIyQ3OSQyNjEwMDIjNDEjJDEjJDQjJDgz,전북대학교병원,1,상급종합,1,국립,350000,전북,350402,전주덕진구,,54907,"전라북도 전주시 덕진구 건지로 20,  (금암동)",063-250-1129,,19830128,18,999,73,10,25,3,21,48,32,0,0,59,12,35.8470078,127.14076
JDQ4MTYyMiM4MSMkMSMkNCMkODkkMzgxMzUxIzExIyQxIyQzIyQ4MiQ0NjEwMDIjNDEjJDEjJDQjJDgz,울산엘리야병원,11,종합병원,12,개인,260000,울산,260004,울산북구,,44228,"울산광역시 북구 호계로 285, (호계동)",052-290-2100,,20020902,18,146,0,0,0,0,4,10,18,0,0,0,0,35.6288232,129.3505763
JDQ4MTYyMiM4MSMkMSMkNCMkODkkMzgxMzUxIzExIyQxIyQzIyQ5MiQyNjE0ODEjNTEjJDEjJDYjJDgz,새통영병원,11,종합병원,12,개인,380000,경남,380800,통영시,,53034,"경상남도 통영시 무전7길 192, (무전동)",055-646-6000,,20080811,6,233,0,0,0,0,3,10,28,0,0,0,0,34.8653464,128.4206919
JDQ4MTYyMiM4MSMkMSMkNCMkODkkMzgxMzUxIzExIyQxIyQzIyQ4OSQyNjEyMjIjNjEjJDEjJDgjJDgz,의료법인 대우의료재단대우병원,11,종합병원,11,의료법인,380000,경남,381000,거제시,,53317,"경상남도 거제시 두모길 16, (두모동)",055-680-8114,,19830219,27,188,10,0,0,0,3,10,30,0,0,0,0,34.8718635,128.7221839
JDQ4MTYyMiM1MSMkMSMkMCMkODkkMzgxMzUxIzExIyQyIyQzIyQwMCQzNjE0ODEjNDEjJDEjJDgjJDgz,경기도의료원 안성병원,11,종합병원,3,공립,310000,경기,312400,안성시,,17568,"경기도 안성시 남파로 95, 경기도의료원 안성병원 (당왕동)",031-8046-5000,,19830701,20,158,15,0,0,0,5,15,12,0,0,8,0,37.017237,127.2604149
JDQ4MTYyMiM3MSMkMSMkMCMkODkkMzgxMzUxIzExIyQxIyQzIyQwMyQzNjE0ODEjNjEjJDEjJDgjJDgz,의료법인 우범의료재단 장흥종합병원,11,종합병원,11,의료법인,360000,전남,360018,장흥군,,59325,"전라남도 장흥군 장흥읍 흥성로 74, 74",061-862-8300,,19880801,5,177,0,0,0,0,2,10,8,0,0,0,0,34.6770509,126.9109348
JDQ4MTAxMiM1MSMkMSMkMCMkODkkMzgxMzUxIzExIyQxIyQzIyQ5OSQyNjE0ODEjODEjJDEjJDYjJDgz,부산광역시의료원,11,종합병원,3,공립,210000,부산,210013,부산연제구,,47527,"부산광역시 연제구 월드컵대로 359, (거제동, 1동, 5동일부)",051-507-3000,,19820630,32,434,27,0,0,2,7,23,34,0,27,23,0,35.1867155,129.0589631
JDQ4MTg4MSM1MSMkMSMkMCMkODkkMzgxMzUxIzExIyQxIyQzIyQxMyQyNjE4MzIjNDEjJDEjJDgjJDgz,의료법인풍산의료재단동부제일병원,11,종합병원,11,의료법인,110000,서울,110019,중랑구,,2063,"서울특별시 중랑구 망우로 511, 동부제일병원 지하1~6층 (망우동)",02-437-5011,,19830822,5,119,0,0,0,0,2,8,29,0,0,0,0,37.6007867,127.109078
JDQ4MTYyMiM4MSMkMSMkOCMkODkkMzgxMzUxIzExIyQxIyQzIyQ4OSQyNjEyMjIjNDEjJDEjJDQjJDgz,의료법인 혜인의료재단 한국병원,11,종합병원,11,의료법인,390000,제주,390200,제주시,삼도일동,63183,"제주특별자치도 제주시 서광로 193, (삼도일동)",064-750-0000,,19830225,23,184,10,0,0,1,4,10,12,0,0,0,0,33.5003973,126.5167396
JDQ4MTYyMiM4MSMkMSMkNCMkODkkMzgxMzUxIzExIyQxIyQzIyQ4MiQ0NjE0ODEjNDEjJDEjJDgjJDgz,웅상중앙병원,11,종합병원,12,개인,380000,경남,381100,양산시,,50536,"경상남도 양산시 서창로 59, (명동)",1600-7582,,20150202,28,225,13,0,0,0,3,12,28,0,0,0,0,35.4064069,129.1644847
JDQ4MTYyMiM4MSMkMSMkMCMkODkkMzgxMzUxIzExIyQxIyQzIyQ2MiQyNjE0ODEjODEjJDEjJDIjJDgz,상주적십자병원,11,종합병원,3,공립,370000,경북,370900,상주시,,37199,"경상북도 상주시 상서문로 53,  (남성동)",054-534-3501,,19940111,4,190,10,0,0,1,3,10,12,0,0,1,0,36.4145434,128.1556158
JDQ4MTg4MSM1MSMkMSMkMCMkODkkMzgxMzUxIzExIyQxIyQzIyQ4OSQzNjE0ODEjNDEjJDEjJDgjJDgz,삼육서울병원,11,종합병원,9,재단법인,110000,서울,110007,동대문구,,2500,"서울특별시 동대문구 망우로 82, (휘경동)",02-2244-0191,,19660107,16,368,18,0,4,5,5,20,37,0,0,4,0,37.589321,127.064443
JDQ4MTg4MSM1MSMkMSMkMCMkODkkMzgxMzUxIzExIyQyIyQ3IyQwMCQ0NjE0ODEjNjEjJDEjJDQjJDgz,구로성심병원,11,종합병원,12,개인,110000,서울,110005,구로구,,8223,"서울특별시 구로구 경인로 427, 구로성심병원 (고척동)",02-2067-1500,,20000209,1,190,11,0,0,0,3,11,15,0,0,0,0,37.4996208,126.866356
JDQ4MTYyMiM3MSMkMSMkMCMkODkkMzgxMzUxIzExIyQxIyQzIyQxMyQzNjEyMjIjNDEjJDEjJDQjJDgz,선한병원,11,종합병원,12,개인,240000,광주,240003,광주서구,,61917,"광주광역시 서구 무진대로 975-0,  (광천동)",062-466-1000,,20151015,14,182,0,0,0,0,5,8,22,0,0,0,0,35.1616044,126.8869879
JDQ4MTYyMiM1MSMkMSMkMCMkODkkMzgxMzUxIzExIyQxIyQzIyQxMyQzNjE4MzIjNDEjJDEjJDQjJDgz,검단탑병원,11,종합병원,12,개인,220000,인천,220005,인천서구,,0,"인천광역시 서구 청마로19번길 5- , (당하동)",032-590-0114,,20090112,8,270,17,0,0,0,5,21,24,0,0,2,0,37.5925198,126.6711061
JDQ4MTYyMiM2MSMkMSMkMiMkODkkMzgxMzUxIzExIyQxIyQzIyQ5OSQ0NjE0ODEjODEjJDEjJDIjJDgz,의료법인영훈의료재단 유성선병원,11,종합병원,11,의료법인,250000,대전,250001,대전유성구,,34084,"대전광역시 유성구 북유성대로 93, (지족동)",042-609-1000,,20070629,37,271,16,0,0,1,7,20,14,0,0,5,0,36.372204,127.325774
JDQ4MTYyMiM1MSMkMSMkMCMkODkkMzgxMzUxIzExIyQxIyQ3IyQ3OSQzNjE0ODEjNjEjJDEjJDgjJDgz,순천의료재단 성남정병원,11,종합병원,11,의료법인,310000,경기,310401,성남수정구,,13316,"경기도 성남시 수정구 수정로 76, 지하3~10층 (수진동)",031-757-8900,,20040303,7,226,8,0,0,0,5,11,25,0,0,0,0,37.4369688,127.1286326
JDQ4MTYyMiM1MSMkMSMkMCMkODkkMzgxMzUxIzExIyQxIyQ3IyQ4OSQzNjEyMjIjNDEjJDEjJDQjJDgz,현대유비스병원,11,종합병원,11,의료법인,220000,인천,220001,인천미추홀구,,22173,"인천광역시 미추홀구 독배로 503-0, 현대유비스병원",032-888-7575,,20130701,12,273,14,0,0,0,6,19,54,0,0,0,0,37.4614899,126.6429794
JDQ4MTYyMiM4MSMkMSMkOCMkODkkMzgxMzUxIzExIyQxIyQzIyQ4OSQyNjE0ODEjNTEjJDEjJDYjJDgz,제주대학교병원,11,종합병원,5,특수법인,390000,제주,390200,제주시,,0,"제주특별자치도 제주시 아란13길 15- , 제주대학교병원 (아라일동)",064-717-1114,,19651002,25,499,35,3,16,5,12,28,13,0,26,51,0,33.4670429,126.5457559
JDQ4MTYyMiM2MSMkMSMkNiMkODkkMzgxMzUxIzExIyQxIyQzIyQ5OSQzNjEwMDIjNzEjJDEjJDgjJDgz,부안성모병원,11,종합병원,12,개인,350000,전북,350005,부안군,,56313,"전라북도 부안군 부안읍 오정2길 24, ()",063-581-5100,,20071231,0,263,9,0,0,0,4,12,28,0,0,0,0,35.7247837,126.7344644
JDQ4MTYyMiM3MSMkMSMkMCMkODkkMzgxMzUxIzExIyQxIyQzIyQ3OSQ0NjE0ODEjNDEjJDEjJDgjJDgz,영광종합병원,11,종합병원,11,의료법인,360000,전남,360014,영광군,,57035,"전라남도 영광군 영광읍 와룡로 3, ()",061-350-8091,,19830810,31,256,7,0,0,1,3,10,18,0,0,0,0,35.2843259,126.4992981
JDQ4MTAxMiM1MSMkMSMkMCMkODkkMzgxMzUxIzExIyQxIyQzIyQ4MiQzNjE0ODEjNDEjJDEjJDgjJDgz,의료법인 인당의료재단 해운대부민병원,11,종합병원,11,의료법인,210000,부산,210009,부산해운대구,,48094,"부산광역시 해운대구 해운대로 584, (우동)",602-8000,,20150709,14,323,17,0,0,1,7,10,28,0,0,3,0,35.1614125,129.1556833
JDQ4MTYyMiM3MSMkMSMkMCMkODkkMzgxMzUxIzExIyQxIyQzIyQ3OSQyNjEwMDIjNTEjJDEjJDYjJDgz,전남대학교병원,1,상급종합,3,공립,240000,광주,240001,광주동구,,61469,"광주광역시 동구 제봉로 42,  (학동)",062-1899-0000,,19830415,29,845,108,8,45,8,22,37,7,0,32,7,0,35.1417259,126.9220237
JDQ4MTg4MSM1MSMkMSMkMCMkODkkMzgxMzUxIzExIyQxIyQzIyQxMyQ0NjEwMDIjNDEjJDEjJDgjJDgz,희명병원,11,종합병원,11,의료법인,110000,서울,110025,금천구,,8626,"서울특별시 금천구 시흥대로 244, (시흥동)",02-804-0002,,19850621,0,198,35,0,0,0,2,10,28,0,0,0,0,37.4557233,126.9006229
JDQ4MTYyMiM1MSMkMSMkNCMkODkkMzgxMzUxIzExIyQxIyQzIyQ4OSQyNjE0ODEjODEjJDEjJDIjJDgz,의료법인 동해동인병원,11,종합병원,11,의료법인,320000,강원,320200,동해시,평릉동,25751,"강원특별자치도 동해시 하평로 26, (평릉동)",033-530-0114,,19830725,15,147,20,0,0,0,2,11,15,0,110,2,0,37.5300551,129.1073958
JDQ4MTg4MSM1MSMkMSMkMCMkODkkMzgxMzUxIzExIyQxIyQzIyQwMyQ0NjEwMDIjNTEjJDEjJDYjJDgz,명지성모병원,11,종합병원,12,개인,110000,서울,110013,영등포구,,7417,"서울특별시 영등포구 도림로 156, 명지성모병원 (대림동)",02-1899-1475,,19840807,4,204,13,0,0,1,3,10,15,0,0,5,0,37.4939034,126.8992293
JDQ4MTAxMiM1MSMkMSMkMCMkODkkMzgxMzUxIzExIyQxIyQzIyQ4MiQzNjE4MzIjNjEjJDEjJDQjJDgz,의료법인 행도의료재단 해동병원,11,종합병원,11,의료법인,210000,부산,210007,부산영도구,,49035,"부산광역시 영도구 태종로 133, (봉래동3가)",051-412-6161,,19840705,12,242,9,0,0,0,3,7,19,0,0,2,0,35.0944702,129.0443361
JDQ4MTYyMiM4MSMkMSMkOCMkODkkMzgxMzUxIzExIyQxIyQzIyQ3OSQyNjEyMjIjNTEjJDEjJDIjJDgz,제주한라병원,11,종합병원,11,의료법인,390000,제주,390200,제주시,연동,63127,"제주특별자치도 제주시 도령로 65, (연동)",064-740-5000,,19831029,33,393,55,0,7,3,8,31,14,0,0,10,6,33.4903589,126.4849264
JDQ4MTg4MSM1MSMkMSMkMCMkODkkMzgxMzUxIzExIyQyIyQ3IyQwMCQzNjE0ODEjNTEjJDEjJDIjJDgz,우리들병원,11,종합병원,11,의료법인,110000,서울,110003,강서구,,7505,"서울특별시 강서구 하늘길 70, (과해동)",02-2660-7500,,20120430,3,161,0,0,0,0,7,1,17,0,0,1,0,37.5618103,126.7986587
JDQ4MTYyMiM1MSMkMSMkNCMkODkkMzgxMzUxIzExIyQxIyQzIyQ5OSQzNjE0ODEjODEjJDEjJDIjJDgz,근로복지공단 동해병원,11,종합병원,3,공립,320000,강원,320200,동해시,,0,"강원특별자치도 동해시 하평로 11- , (평릉동)",033-530-3100,,19830125,2,245,8,0,0,0,2,8,16,0,0,4,0,37.531369,129.1078758
